binomial_name,country,continent,group,year_last_seen,red_list_category,threat_type,threatened
Abutilon pitcairnense,Pitcairn,Oceania,Flowering Plant,2000-2020,Extinct in the Wild,Invasive Species,1
Abutilon pitcairnense,Pitcairn,Oceania,Flowering Plant,2000-2020,Extinct in the Wild,Geological Events,1
Acaena exigua,United States,North America,Flowering Plant,1980-1999,Extinct,Invasive Species,1
Acalypha dikuluwensis,Congo,Africa,Flowering Plant,1940-1959,Extinct,Energy Production & Mining,1
Acalypha rubrinervis,"Saint Helena, Ascension and Tristan da Cunha",Africa,Flowering Plant,Before 1900,Extinct,Agriculture & Aquaculture,1
Acalypha rubrinervis,"Saint Helena, Ascension and Tristan da Cunha",Africa,Flowering Plant,Before 1900,Extinct,Biological Resource Use,1
Acalypha rubrinervis,"Saint Helena, Ascension and Tristan da Cunha",Africa,Flowering Plant,Before 1900,Extinct,Invasive Species,1
Acalypha rubrinervis,"Saint Helena, Ascension and Tristan da Cunha",Africa,Flowering Plant,Before 1900,Extinct,Unknown,1
Acalypha wilderi,Cook Islands,Oceania,Flowering Plant,1920-1939,Extinct,Agriculture & Aquaculture,1
Acalypha wilderi,Cook Islands,Oceania,Flowering Plant,1920-1939,Extinct,Commercial Development,1
Acalypha wilderi,Cook Islands,Oceania,Flowering Plant,1920-1939,Extinct,Invasive Species,1
Acalypha wilderi,Cook Islands,Oceania,Flowering Plant,1920-1939,Extinct,Transportation Corridor,1
Acer hilaense,China,Asia,Flowering Plant,1920-1939,Extinct in the Wild,Commercial Development,1
Achyranthes atollensis,United States,North America,Flowering Plant,1960-1979,Extinct,Commercial Development,1
Achyranthes atollensis,United States,North America,Flowering Plant,1960-1979,Extinct,Invasive Species,1
Adenophorus periens,United States,North America,Ferns and Allies,2000-2020,Extinct,Invasive Species,1
Adenophorus periens,United States,North America,Ferns and Allies,2000-2020,Extinct,Geological Events,1
Adiantum lianxianense,China,Asia,Ferns and Allies,2000-2020,Extinct,Unknown,1
Aechmea cymosopaniculata,Venezuela,South America,Flowering Plant,Before 1900,Extinct,Agriculture & Aquaculture,1
Aechmea cymosopaniculata,Venezuela,South America,Flowering Plant,Before 1900,Extinct,Biological Resource Use,1
Aechmea cymosopaniculata,Venezuela,South America,Flowering Plant,Before 1900,Extinct,Commercial Development,1
Aechmea cymosopaniculata,Venezuela,South America,Flowering Plant,Before 1900,Extinct,Transportation Corridor,1
Aeranthes africana,Zimbabwe,Africa,Flowering Plant,2000-2020,Extinct in the Wild,Biological Resource Use,1
Aeranthes albidiflora,Madagascar,Africa,Flowering Plant,1940-1959,Extinct,Biological Resource Use,1
Aeranthes parkesii,Zimbabwe,Africa,Flowering Plant,1960-1979,Extinct in the Wild,Agriculture & Aquaculture,1
Aeranthes parkesii,Zimbabwe,Africa,Flowering Plant,1960-1979,Extinct in the Wild,Biological Resource Use,1
Aeschynomene ruspoliana,Ethiopia,Africa,Flowering Plant,Before 1900,Extinct,Agriculture & Aquaculture,1
Aeschynomene ruspoliana,Ethiopia,Africa,Flowering Plant,Before 1900,Extinct,Commercial Development,1
Aetheolaena hypoleuca,Ecuador,South America,Flowering Plant,Before 1900,Extinct,Biological Resource Use,1
Aetheolaena ledifolia,Ecuador,South America,Flowering Plant,Before 1900,Extinct,Unknown,1
Aetheolaena pichinchensis,Ecuador,South America,Flowering Plant,Before 1900,Extinct,Unknown,1
Agave lurida,Mexico,North America,Flowering Plant,2000-2020,Extinct in the Wild,Agriculture & Aquaculture,1
Agelanthus guineensis,Guinea,Africa,Flowering Plant,1940-1959,Extinct,Agriculture & Aquaculture,1
Agelanthus guineensis,Guinea,Africa,Flowering Plant,1940-1959,Extinct,Commercial Development,1
Agelanthus rondensis,Tanzania,Africa,Flowering Plant,1900-1919,Extinct,Agriculture & Aquaculture,1
Alangium circulare,Malaysia,Asia,Flowering Plant,1960-1979,Extinct in the Wild,Agriculture & Aquaculture,1
Alangium circulare,Malaysia,Asia,Flowering Plant,1960-1979,Extinct in the Wild,Commercial Development,1
Albizia verrucosa,Madagascar,Africa,Flowering Plant,1960-1979,Extinct in the Wild,Agriculture & Aquaculture,1
Albizia verrucosa,Madagascar,Africa,Flowering Plant,1960-1979,Extinct in the Wild,Biological Resource Use,1
Albizia verrucosa,Madagascar,Africa,Flowering Plant,1960-1979,Extinct in the Wild,Natural System Modifications,1
Albuca nana,South Africa,Africa,Flowering Plant,1900-1919,Extinct,Commercial Development,1
Albuca nana,South Africa,Africa,Flowering Plant,1900-1919,Extinct,Invasive Species,1
Alnus henryi,Taiwan,Asia,Flowering Plant,1900-1919,Extinct,Climate Change,1
Alnus henryi,Taiwan,Asia,Flowering Plant,1900-1919,Extinct,Geological Events,1
Amaranthus brownii,United States,North America,Flowering Plant,1980-1999,Extinct,Invasive Species,1
Amaranthus brownii,United States,North America,Flowering Plant,1980-1999,Extinct,Natural System Modifications,1
Amaranthus brownii,United States,North America,Flowering Plant,1980-1999,Extinct,Geological Events,1
Ammannia alternifolia,Madagascar,Africa,Flowering Plant,1900-1919,Extinct,Agriculture & Aquaculture,1
Ammannia alternifolia,Madagascar,Africa,Flowering Plant,1900-1919,Extinct,Climate Change,1
Ammannia alternifolia,Madagascar,Africa,Flowering Plant,1900-1919,Extinct,Natural System Modifications,1
Amorphophallus lewallei,Burundi,Africa,Flowering Plant,1960-1979,Extinct in the Wild,Agriculture & Aquaculture,1
Amorphophallus lewallei,Burundi,Africa,Flowering Plant,1960-1979,Extinct in the Wild,Energy Production & Mining,1
Amsinckia marginata,Ecuador,South America,Flowering Plant,1900-1919,Extinct,Commercial Development,1
Andropogon benthamianus,Ecuador,South America,Flowering Plant,Before 1900,Extinct,Unknown,1
Angraecopsis dolabriformis,Sao Tome and Principe,Africa,Flowering Plant,Before 1900,Extinct,Agriculture & Aquaculture,1
Angraecopsis dolabriformis,Sao Tome and Principe,Africa,Flowering Plant,Before 1900,Extinct,Biological Resource Use,1
Angraecum astroarche,Sao Tome and Principe,Africa,Flowering Plant,Before 1900,Extinct,Agriculture & Aquaculture,1
Angraecum astroarche,Sao Tome and Principe,Africa,Flowering Plant,Before 1900,Extinct,Biological Resource Use,1
Angraecum mahavavense,Madagascar,Africa,Flowering Plant,1920-1939,Extinct,Biological Resource Use,1
Angraecum mahavavense,Madagascar,Africa,Flowering Plant,1920-1939,Extinct,Natural System Modifications,1
Angraecum muscicolum,Madagascar,Africa,Flowering Plant,1920-1939,Extinct,Agriculture & Aquaculture,1
Angraecum muscicolum,Madagascar,Africa,Flowering Plant,1920-1939,Extinct,Biological Resource Use,1
Angraecum muscicolum,Madagascar,Africa,Flowering Plant,1920-1939,Extinct,Natural System Modifications,1
Angraecum perhumile,Madagascar,Africa,Flowering Plant,1920-1939,Extinct,Biological Resource Use,1
Angraecum perhumile,Madagascar,Africa,Flowering Plant,1920-1939,Extinct,Natural System Modifications,1
Angraecum potamophilum,Madagascar,Africa,Flowering Plant,Before 1900,Extinct,Biological Resource Use,1
Angraecum rigidifolium,Madagascar,Africa,Flowering Plant,1920-1939,Extinct,Biological Resource Use,1
Angraecum rigidifolium,Madagascar,Africa,Flowering Plant,1920-1939,Extinct,Natural System Modifications,1
Angraecum rubellum,Madagascar,Africa,Flowering Plant,1960-1979,Extinct,Agriculture & Aquaculture,1
Angraecum rubellum,Madagascar,Africa,Flowering Plant,1960-1979,Extinct,Biological Resource Use,1
Angraecum rubellum,Madagascar,Africa,Flowering Plant,1960-1979,Extinct,Natural System Modifications,1
Angraecum serpens,Madagascar,Africa,Flowering Plant,1940-1959,Extinct,Agriculture & Aquaculture,1
Angraecum serpens,Madagascar,Africa,Flowering Plant,1940-1959,Extinct,Biological Resource Use,1
Angraecum serpens,Madagascar,Africa,Flowering Plant,1940-1959,Extinct,Natural System Modifications,1
Angraecum sterrophyllum,Madagascar,Africa,Flowering Plant,1900-1919,Extinct,Agriculture & Aquaculture,1
Angraecum sterrophyllum,Madagascar,Africa,Flowering Plant,1900-1919,Extinct,Biological Resource Use,1
Angraecum sterrophyllum,Madagascar,Africa,Flowering Plant,1900-1919,Extinct,Natural System Modifications,1
Anisopappus burundiensis,Burundi,Africa,Flowering Plant,1960-1979,Extinct,Agriculture & Aquaculture,1
Anisophyllea impressinervia,Malaysia,Asia,Flowering Plant,1960-1979,Extinct,Agriculture & Aquaculture,1
Aponogeton dioecus,Madagascar,Africa,Flowering Plant,1960-1979,Extinct,Agriculture & Aquaculture,1
Aponogeton dioecus,Madagascar,Africa,Flowering Plant,1960-1979,Extinct,Natural System Modifications,1
Arboa antsingyae,Madagascar,Africa,Flowering Plant,1940-1959,Extinct,Agriculture & Aquaculture,1
Arboa antsingyae,Madagascar,Africa,Flowering Plant,1940-1959,Extinct,Biological Resource Use,1
Arboa antsingyae,Madagascar,Africa,Flowering Plant,1940-1959,Extinct,Natural System Modifications,1
Argocoffeopsis lemblinii,Côte d'Ivoire,Africa,Flowering Plant,1900-1919,Extinct,Unknown,1
Argyroxiphium virescens,United States,North America,Flowering Plant,1980-1999,Extinct,Unknown,1
Artemisia kauaiensis,United States,North America,Flowering Plant,2000-2020,Extinct,Invasive Species,1
Artemisia kauaiensis,United States,North America,Flowering Plant,2000-2020,Extinct,Climate Change,1
Artemisia kauaiensis,United States,North America,Flowering Plant,2000-2020,Extinct,Natural System Modifications,1
Aspidostemon inconspicuus,Madagascar,Africa,Flowering Plant,1940-1959,Extinct,Agriculture & Aquaculture,1
Aster quitensis,Ecuador,South America,Flowering Plant,Before 1900,Extinct,Biological Resource Use,1
Astragalus nitidiflorus,Spain,Europe,Flowering Plant,1900-1919,Extinct,Unknown,1
Athanasia imbricata,South Africa,Africa,Flowering Plant,Before 1900,Extinct,Agriculture & Aquaculture,1
Athanasia imbricata,South Africa,Africa,Flowering Plant,Before 1900,Extinct,Invasive Species,1
Baccharis fusca,Ecuador,South America,Flowering Plant,Before 1900,Extinct,Unknown,1
Basananthe cupricola,Congo,Africa,Flowering Plant,1980-1999,Extinct,Energy Production & Mining,1
Baudouinia capuronii,Madagascar,Africa,Flowering Plant,1960-1979,Extinct,Agriculture & Aquaculture,1
Begonia cladocarpoides,Madagascar,Africa,Flowering Plant,1900-1919,Extinct,Biological Resource Use,1
Begonia eciliata,Trinidad and Tobago,South America,Flowering Plant,1900-1919,Extinct,Agriculture & Aquaculture,1
Begonia eciliata,Trinidad and Tobago,South America,Flowering Plant,1900-1919,Extinct,Commercial Development,1
Begonia eciliata,Trinidad and Tobago,South America,Flowering Plant,1900-1919,Extinct,Energy Production & Mining,1
Begonia eiromischa,Malaysia,Asia,Flowering Plant,Before 1900,Extinct,Agriculture & Aquaculture,1
Begonia eiromischa,Malaysia,Asia,Flowering Plant,Before 1900,Extinct,Biological Resource Use,1
Beilschmiedia neoletestui,Gabon,Africa,Flowering Plant,1920-1939,Extinct,Agriculture & Aquaculture,1
Beilschmiedia pellegrinii,Gabon,Africa,Flowering Plant,1920-1939,Extinct,Agriculture & Aquaculture,1
Beilschmiedia thollonii,Gabon,Africa,Flowering Plant,Before 1900,Extinct,Agriculture & Aquaculture,1
Beilschmiedia yangambiensis,Congo,Africa,Flowering Plant,1940-1959,Extinct,Agriculture & Aquaculture,1
Benthamia catatiana,Madagascar,Africa,Flowering Plant,1920-1939,Extinct,Biological Resource Use,1
Benthamia catatiana,Madagascar,Africa,Flowering Plant,1920-1939,Extinct,Energy Production & Mining,1
Benthamia nigro-vaginata,Madagascar,Africa,Flowering Plant,1920-1939,Extinct,Biological Resource Use,1
Benthamia nigro-vaginata,Madagascar,Africa,Flowering Plant,1920-1939,Extinct,Natural System Modifications,1
Berlinia hollandii,Nigeria,Africa,Flowering Plant,Before 1900,Extinct,Biological Resource Use,1
Berlinia hollandii,Nigeria,Africa,Flowering Plant,Before 1900,Extinct,Commercial Development,1
Betula gynoterminalis,China,Asia,Flowering Plant,1940-1959,Extinct,Biological Resource Use,1
Bidens ruyigiensis,Burundi,Africa,Flowering Plant,1960-1979,Extinct,Agriculture & Aquaculture,1
Blepharis reekmansii,Burundi,Africa,Flowering Plant,1980-1999,Extinct,Agriculture & Aquaculture,1
Blotiella coriacea,Tanzania,Africa,Ferns and Allies,1960-1979,Extinct,Agriculture & Aquaculture,1
Blutaparon rigidum,Ecuador,South America,Flowering Plant,1900-1919,Extinct,Invasive Species,1
Breonia membranacea,Madagascar,Africa,Flowering Plant,1940-1959,Extinct,Agriculture & Aquaculture,1
Breonia membranacea,Madagascar,Africa,Flowering Plant,1940-1959,Extinct,Biological Resource Use,1
Breonia membranacea,Madagascar,Africa,Flowering Plant,1940-1959,Extinct,Natural System Modifications,1
Breonia richardsonii,Madagascar,Africa,Flowering Plant,1960-1979,Extinct,Agriculture & Aquaculture,1
Breonia richardsonii,Madagascar,Africa,Flowering Plant,1960-1979,Extinct,Biological Resource Use,1
Brieya latipetala,Angola,Africa,Flowering Plant,1940-1959,Extinct,Energy Production & Mining,1
Brieya latipetala,Angola,Africa,Flowering Plant,1940-1959,Extinct,Human Intrusions,1
Brighamia insignis,United States,North America,Flowering Plant,2000-2020,Extinct in the Wild,Commercial Development,1
Brighamia insignis,United States,North America,Flowering Plant,2000-2020,Extinct in the Wild,Invasive Species,1
Brighamia insignis,United States,North America,Flowering Plant,2000-2020,Extinct in the Wild,Climate Change,1
Brighamia insignis,United States,North America,Flowering Plant,2000-2020,Extinct in the Wild,Geological Events,1
Bromus bromoideus,Belgium,Europe,Flowering Plant,1920-1939,Extinct in the Wild,Agriculture & Aquaculture,1
Bromus bromoideus,Belgium,Europe,Flowering Plant,1920-1939,Extinct in the Wild,Pollution,1
Bromus interruptus,United Kingdom,Europe,Flowering Plant,1960-1979,Extinct in the Wild,Agriculture & Aquaculture,1
Brugmansia arborea,Peru,South America,Flowering Plant,Before 1900,Extinct in the Wild,Biological Resource Use,1
Brugmansia aurea,Colombia,South America,Flowering Plant,Before 1900,Extinct in the Wild,Biological Resource Use,1
Brugmansia insignis,Peru,South America,Flowering Plant,Before 1900,Extinct in the Wild,Biological Resource Use,1
Brugmansia sanguinea,Peru,South America,Flowering Plant,Before 1900,Extinct in the Wild,Biological Resource Use,1
Brugmansia suaveolens,Brazil,South America,Flowering Plant,Before 1900,Extinct in the Wild,Biological Resource Use,1
Brugmansia versicolor,Ecuador,South America,Flowering Plant,Before 1900,Extinct in the Wild,Biological Resource Use,1
Brugmansia vulcanicola,Colombia,South America,Flowering Plant,Before 1900,Extinct in the Wild,Biological Resource Use,1
Bulbophyllum conchophyllum,Indonesia,Oceania,Flowering Plant,1900-1919,Extinct,Agriculture & Aquaculture,1
Bulbophyllum conchophyllum,Indonesia,Oceania,Flowering Plant,1900-1919,Extinct,Biological Resource Use,1
Bulbophyllum conchophyllum,Indonesia,Oceania,Flowering Plant,1900-1919,Extinct,Commercial Development,1
Bulbophyllum conchophyllum,Indonesia,Oceania,Flowering Plant,1900-1919,Extinct,Natural System Modifications,1
Bulbophyllum erythroglossum,Madagascar,Africa,Flowering Plant,1960-1979,Extinct,Biological Resource Use,1
Bulbophyllum hirsutiusculum,Madagascar,Africa,Flowering Plant,1920-1939,Extinct,Biological Resource Use,1
Bulbophyllum minax,Madagascar,Africa,Flowering Plant,1900-1919,Extinct,Biological Resource Use,1
Bulbophyllum minax,Madagascar,Africa,Flowering Plant,1900-1919,Extinct,Natural System Modifications,1
Bulbophyllum sanguineum,Madagascar,Africa,Flowering Plant,1920-1939,Extinct,Agriculture & Aquaculture,1
Bulbophyllum sanguineum,Madagascar,Africa,Flowering Plant,1920-1939,Extinct,Biological Resource Use,1
Bulbophyllum sceliphron,Papua New Guinea,Oceania,Flowering Plant,1980-1999,Extinct,Agriculture & Aquaculture,1
Bulbophyllum sceliphron,Papua New Guinea,Oceania,Flowering Plant,1980-1999,Extinct,Biological Resource Use,1
Bulbophyllum sceliphron,Papua New Guinea,Oceania,Flowering Plant,1980-1999,Extinct,Climate Change,1
Bulbophyllum sceliphron,Papua New Guinea,Oceania,Flowering Plant,1980-1999,Extinct,Natural System Modifications,1
Bulbophyllum tampoketsense,Madagascar,Africa,Flowering Plant,1920-1939,Extinct,Biological Resource Use,1
Bulbophyllum tampoketsense,Madagascar,Africa,Flowering Plant,1920-1939,Extinct,Natural System Modifications,1
Byttneria ivorensis,Côte d'Ivoire,Africa,Flowering Plant,Before 1900,Extinct,Unknown,1
Callerya neocaledonica,New Caledonia,Oceania,Flowering Plant,1980-1999,Extinct,Agriculture & Aquaculture,1
Callerya neocaledonica,New Caledonia,Oceania,Flowering Plant,1980-1999,Extinct,Invasive Species,1
Callerya neocaledonica,New Caledonia,Oceania,Flowering Plant,1980-1999,Extinct,Climate Change,1
Callerya neocaledonica,New Caledonia,Oceania,Flowering Plant,1980-1999,Extinct,Natural System Modifications,1
Camellia amplexicaulis,Viet Nam,Asia,Flowering Plant,2000-2020,Extinct in the Wild,Unknown,1
Campomanesia lundiana,Brazil,South America,Flowering Plant,Before 1900,Extinct,Unknown,1
Camptocarpus cornutus,Madagascar,Africa,Flowering Plant,1920-1939,Extinct,Biological Resource Use,1
Canavalia veillonii,New Caledonia,Oceania,Flowering Plant,1980-1999,Extinct,Invasive Species,1
Canavalia veillonii,New Caledonia,Oceania,Flowering Plant,1980-1999,Extinct,Climate Change,1
Canavalia veillonii,New Caledonia,Oceania,Flowering Plant,1980-1999,Extinct,Natural System Modifications,1
Capparis grandidieri,Madagascar,Africa,Flowering Plant,Before 1900,Extinct,Agriculture & Aquaculture,1
Capparis grandidieri,Madagascar,Africa,Flowering Plant,Before 1900,Extinct,Commercial Development,1
Capparis lucens,Rwanda,Africa,Flowering Plant,1920-1939,Extinct,Agriculture & Aquaculture,1
Capparis lucens,Rwanda,Africa,Flowering Plant,1920-1939,Extinct,Commercial Development,1
Casearia quinduensis,Colombia,South America,Flowering Plant,NA,Extinct,Unknown,1
Casearia tinifolia,Mauritius,Africa,Flowering Plant,1960-1979,Extinct,Unknown,1
Centaurea pseudoleucolepis,Ukraine,Europe,Flowering Plant,1920-1939,Extinct,Unknown,1
Centropogon brachysiphoniatus,Ecuador,South America,Flowering Plant,1920-1939,Extinct,Commercial Development,1
Centropogon brachysiphoniatus,Ecuador,South America,Flowering Plant,1920-1939,Extinct,Invasive Species,1
Centropogon brachysiphoniatus,Ecuador,South America,Flowering Plant,1920-1939,Extinct,Natural System Modifications,1
Ceratostema pensile,Ecuador,South America,Flowering Plant,1940-1959,Extinct,Commercial Development,1
Ceratostema pensile,Ecuador,South America,Flowering Plant,1940-1959,Extinct,Energy Production & Mining,1
Cereus estevesii,Brazil,South America,Flowering Plant,2000-2020,Extinct in the Wild,Agriculture & Aquaculture,1
Cestrum flavescens,Mexico,North America,Flowering Plant,1960-1979,Extinct,Commercial Development,1
Cestrum flavinervium,Mexico,North America,Flowering Plant,1920-1939,Extinct,Biological Resource Use,1
Cestrum flavinervium,Mexico,North America,Flowering Plant,1920-1939,Extinct,Climate Change,1
Cestrum flavinervium,Mexico,North America,Flowering Plant,1920-1939,Extinct,Natural System Modifications,1
Chassalia coursii,Madagascar,Africa,Flowering Plant,1940-1959,Extinct,Agriculture & Aquaculture,1
Chassalia coursii,Madagascar,Africa,Flowering Plant,1940-1959,Extinct,Biological Resource Use,1
Chrysophyllum januariense,Brazil,South America,Flowering Plant,NA,Extinct,Commercial Development,1
Cinnamomum bhamoensis,Myanmar,Asia,Flowering Plant,1900-1919,Extinct,Agriculture & Aquaculture,1
Cinnamomum bhamoensis,Myanmar,Asia,Flowering Plant,1900-1919,Extinct,Commercial Development,1
Cinnamomum bhamoensis,Myanmar,Asia,Flowering Plant,1900-1919,Extinct,Transportation Corridor,1
Cinnamomum englerianum,Papua New Guinea,Oceania,Flowering Plant,1900-1919,Extinct,Agriculture & Aquaculture,1
Cinnamomum gracillimum,Indonesia,Oceania,Flowering Plant,1920-1939,Extinct,Agriculture & Aquaculture,1
Cinnamomum longipedicellatum,Papua New Guinea,Oceania,Flowering Plant,1960-1979,Extinct,Agriculture & Aquaculture,1
Cinnamomum pachypes,Malaysia,Asia,Flowering Plant,1960-1979,Extinct,Agriculture & Aquaculture,1
Cinnamomum petiolatum,Indonesia,Oceania,Flowering Plant,1960-1979,Extinct,Agriculture & Aquaculture,1
Cinnamomum petiolatum,Indonesia,Oceania,Flowering Plant,1960-1979,Extinct,Energy Production & Mining,1
Cinnamomum rosselianum,Papua New Guinea,Oceania,Flowering Plant,1940-1959,Extinct,Agriculture & Aquaculture,1
Cinnamomum trintaense,Malaysia,Asia,Flowering Plant,Before 1900,Extinct,Energy Production & Mining,1
Clermontia multiflora,United States,North America,Flowering Plant,Before 1900,Extinct,Unknown,1
Clitoria andrei,Ecuador,South America,Flowering Plant,Before 1900,Extinct,Unknown,1
Cloiselia humbertii,Madagascar,Africa,Flowering Plant,1920-1939,Extinct,Natural System Modifications,1
Cnidoscolus fragrans,Cuba,North America,Flowering Plant,Before 1900,Extinct,Commercial Development,1
Coffea alleizettii,Madagascar,Africa,Flowering Plant,1960-1979,Extinct,Agriculture & Aquaculture,1
Coffea decaryana,Madagascar,Africa,Flowering Plant,1940-1959,Extinct,Agriculture & Aquaculture,1
Coffea decaryana,Madagascar,Africa,Flowering Plant,1940-1959,Extinct,Biological Resource Use,1
Coffea decaryana,Madagascar,Africa,Flowering Plant,1940-1959,Extinct,Natural System Modifications,1
Coffea heterocalyx,Cameroon,Africa,Flowering Plant,2000-2020,Extinct in the Wild,Agriculture & Aquaculture,1
Coffea heterocalyx,Cameroon,Africa,Flowering Plant,2000-2020,Extinct in the Wild,Biological Resource Use,1
Coffea heterocalyx,Cameroon,Africa,Flowering Plant,2000-2020,Extinct in the Wild,Commercial Development,1
Coffea heterocalyx,Cameroon,Africa,Flowering Plant,2000-2020,Extinct in the Wild,Energy Production & Mining,1
Coffea heterocalyx,Cameroon,Africa,Flowering Plant,2000-2020,Extinct in the Wild,Transportation Corridor,1
Coffea leonimontana,Cameroon,Africa,Flowering Plant,1960-1979,Extinct,Agriculture & Aquaculture,1
Coffea leonimontana,Cameroon,Africa,Flowering Plant,1960-1979,Extinct,Biological Resource Use,1
Cola mosserayana,Congo,Africa,Flowering Plant,1920-1939,Extinct,Agriculture & Aquaculture,1
Cola mosserayana,Congo,Africa,Flowering Plant,1920-1939,Extinct,Biological Resource Use,1
Cola vandersmisseniana,Congo,Africa,Flowering Plant,1940-1959,Extinct,Agriculture & Aquaculture,1
Cola vandersmisseniana,Congo,Africa,Flowering Plant,1940-1959,Extinct,Biological Resource Use,1
Commidendrum gummiferum,"Saint Helena, Ascension and Tristan da Cunha",Africa,Flowering Plant,NA,Extinct,Unknown,1
Corypha taliera,India,Asia,Flowering Plant,2000-2020,Extinct in the Wild,Unknown,1
Costus vinosus,Panama,North America,Flowering Plant,2000-2020,Extinct in the Wild,Agriculture & Aquaculture,1
Cotula myriophylloides,South Africa,Africa,Flowering Plant,1960-1979,Extinct,Commercial Development,1
Cotula myriophylloides,South Africa,Africa,Flowering Plant,1960-1979,Extinct,Invasive Species,1
Cotula myriophylloides,South Africa,Africa,Flowering Plant,1960-1979,Extinct,Pollution,1
Cotula myriophylloides,South Africa,Africa,Flowering Plant,1960-1979,Extinct,Natural System Modifications,1
Crudia zeylanica,Sri Lanka,Asia,Flowering Plant,1980-1999,Extinct,Unknown,1
Cryosophila williamsii,Honduras,North America,Flowering Plant,1980-1999,Extinct in the Wild,Agriculture & Aquaculture,1
Cryosophila williamsii,Honduras,North America,Flowering Plant,1980-1999,Extinct in the Wild,Biological Resource Use,1
Cryosophila williamsii,Honduras,North America,Flowering Plant,1980-1999,Extinct in the Wild,Commercial Development,1
Ctenitis pallatangana,Ecuador,South America,Ferns and Allies,Before 1900,Extinct,Agriculture & Aquaculture,1
Cupaniopsis crassivalvis,New Caledonia,Oceania,Flowering Plant,Before 1900,Extinct,Unknown,1
Curcuma pygmaea,Viet Nam,Asia,Flowering Plant,2000-2020,Extinct,Agriculture & Aquaculture,1
Cyanea arborea,United States,North America,Flowering Plant,1920-1939,Extinct,Unknown,1
Cyanea comata,United States,North America,Flowering Plant,Before 1900,Extinct,Unknown,1
Cyanea cylindrocalyx,United States,North America,Flowering Plant,1900-1919,Extinct,Unknown,1
Cyanea dolichopoda,United States,North America,Flowering Plant,1980-1999,Extinct,Climate Change,1
Cyanea dolichopoda,United States,North America,Flowering Plant,1980-1999,Extinct,Geological Events,1
Cyanea eleeleensis,United States,North America,Flowering Plant,1960-1979,Extinct,Invasive Species,1
Cyanea giffardii,United States,North America,Flowering Plant,1900-1919,Extinct,Unknown,1
Cyanea kolekoleensis,United States,North America,Flowering Plant,1980-1999,Extinct,Invasive Species,1
Cyanea kolekoleensis,United States,North America,Flowering Plant,1980-1999,Extinct,Climate Change,1
Cyanea kolekoleensis,United States,North America,Flowering Plant,1980-1999,Extinct,Natural System Modifications,1
Cyanea kuhihewa,United States,North America,Flowering Plant,2000-2020,Extinct in the Wild,Invasive Species,1
Cyanea kuhihewa,United States,North America,Flowering Plant,2000-2020,Extinct in the Wild,Climate Change,1
Cyanea linearifolia,United States,North America,Flowering Plant,1940-1959,Extinct,Invasive Species,1
Cyanea mauiensis,United States,North America,Flowering Plant,Before 1900,Extinct,Unknown,1
Cyanea minutiflora,United States,North America,Flowering Plant,1900-1919,Extinct,Invasive Species,1
Cyanea parvifolia,United States,North America,Flowering Plant,NA,Extinct,Invasive Species,1
Cyanea pinnatifida,United States,North America,Flowering Plant,2000-2020,Extinct in the Wild,Commercial Development,1
Cyanea pinnatifida,United States,North America,Flowering Plant,2000-2020,Extinct in the Wild,Invasive Species,1
Cyanea pohaku,United States,North America,Flowering Plant,1900-1919,Extinct,Unknown,1
Cyanea pycnocarpa,United States,North America,Flowering Plant,NA,Extinct,Unknown,1
Cyanea quercifolia,United States,North America,Flowering Plant,NA,Extinct,Unknown,1
Cyanea sessilifolia,United States,North America,Flowering Plant,1940-1959,Extinct,Invasive Species,1
Cyanea sessilifolia,United States,North America,Flowering Plant,1940-1959,Extinct,Natural System Modifications,1
Cyanea superba,United States,North America,Flowering Plant,2000-2020,Extinct in the Wild,Invasive Species,1
Cyanea superba,United States,North America,Flowering Plant,2000-2020,Extinct in the Wild,Natural System Modifications,1
Cycas fugax,Viet Nam,Asia,Cycad,2000-2020,Extinct,Agriculture & Aquaculture,1
Cycas fugax,Viet Nam,Asia,Cycad,2000-2020,Extinct,Biological Resource Use,1
Cycas fugax,Viet Nam,Asia,Cycad,2000-2020,Extinct,Commercial Development,1
Cyclophyllum tiebaghiense,New Caledonia,Oceania,Flowering Plant,2000-2020,Extinct,Energy Production & Mining,1
Cyclosorus burundensis,Burundi,Africa,Ferns and Allies,1960-1979,Extinct,Agriculture & Aquaculture,1
Cyclosorus burundensis,Burundi,Africa,Ferns and Allies,1960-1979,Extinct,Commercial Development,1
Cynoglossum lowryanum,Madagascar,Africa,Flowering Plant,1900-1919,Extinct,Agriculture & Aquaculture,1
Cynoglossum lowryanum,Madagascar,Africa,Flowering Plant,1900-1919,Extinct,Biological Resource Use,1
Cynoglossum tsaratananense,Madagascar,Africa,Flowering Plant,1920-1939,Extinct,Agriculture & Aquaculture,1
Cynometra beddomei,India,Asia,Flowering Plant,Before 1900,Extinct,Agriculture & Aquaculture,1
Cynometra beddomei,India,Asia,Flowering Plant,Before 1900,Extinct,Biological Resource Use,1
Cynometra beddomei,India,Asia,Flowering Plant,Before 1900,Extinct,Natural System Modifications,1
Cynorkis bimaculata,Madagascar,Africa,Flowering Plant,1960-1979,Extinct,Biological Resource Use,1
Cynorkis bimaculata,Madagascar,Africa,Flowering Plant,1960-1979,Extinct,Natural System Modifications,1
Cynorkis catatii,Madagascar,Africa,Flowering Plant,Before 1900,Extinct,Biological Resource Use,1
Cynorkis catatii,Madagascar,Africa,Flowering Plant,Before 1900,Extinct,Natural System Modifications,1
Cynorkis marojejyensis,Madagascar,Africa,Flowering Plant,1940-1959,Extinct,Climate Change,1
Cynorkis marojejyensis,Madagascar,Africa,Flowering Plant,1940-1959,Extinct,Human Intrusions,1
Cynorkis marojejyensis,Madagascar,Africa,Flowering Plant,1940-1959,Extinct,Pollution,1
Cynorkis marojejyensis,Madagascar,Africa,Flowering Plant,1940-1959,Extinct,Natural System Modifications,1
Cynorkis rolfei,Madagascar,Africa,Flowering Plant,1900-1919,Extinct,Biological Resource Use,1
Cynorkis sylvatica,Madagascar,Africa,Flowering Plant,1940-1959,Extinct,Biological Resource Use,1
Cynorkis usambarae,Tanzania,Africa,Flowering Plant,Before 1900,Extinct,Agriculture & Aquaculture,1
Cyperus chionocephalus,Ethiopia,Africa,Flowering Plant,1920-1939,Extinct,Agriculture & Aquaculture,1
Cyperus chionocephalus,Ethiopia,Africa,Flowering Plant,1920-1939,Extinct,Biological Resource Use,1
Cyperus multifolius,Ecuador,South America,Flowering Plant,Before 1900,Extinct,Unknown,1
Cyperus rockii,United States,North America,Flowering Plant,1900-1919,Extinct,Invasive Species,1
Cyphostemma michelii,Burundi,Africa,Flowering Plant,1940-1959,Extinct,Agriculture & Aquaculture,1
Cyphostemma michelii,Burundi,Africa,Flowering Plant,1940-1959,Extinct,Human Intrusions,1
Cyrtandra crenata,United States,North America,Flowering Plant,1940-1959,Extinct,Invasive Species,1
Cyrtandra crenata,United States,North America,Flowering Plant,1940-1959,Extinct,Climate Change,1
Cyrtandra olona,United States,North America,Flowering Plant,1900-1919,Extinct,Invasive Species,1
Cyrtandra waiolani,United States,North America,Flowering Plant,1940-1959,Extinct in the Wild,Invasive Species,1
Dalea sabinalis,United States,North America,Flowering Plant,1940-1959,Extinct,Agriculture & Aquaculture,1
Dalea sabinalis,United States,North America,Flowering Plant,1940-1959,Extinct,Commercial Development,1
Dalea sabinalis,United States,North America,Flowering Plant,1940-1959,Extinct,Invasive Species,1
Delilia inelegans,Ecuador,South America,Flowering Plant,Before 1900,Extinct,Unknown,1
Delissea niihauensis,United States,North America,Flowering Plant,Before 1900,Extinct,Invasive Species,1
Delissea niihauensis,United States,North America,Flowering Plant,Before 1900,Extinct,Climate Change,1
Delissea rhytidosperma,United States,North America,Flowering Plant,2000-2020,Extinct in the Wild,Invasive Species,1
Delissea rhytidosperma,United States,North America,Flowering Plant,2000-2020,Extinct in the Wild,Unknown,1
Delissea subcordata,United States,North America,Flowering Plant,1920-1939,Extinct,Invasive Species,1
Delissea subcordata,United States,North America,Flowering Plant,1920-1939,Extinct,Natural System Modifications,1
Delissea takeuchii,United States,North America,Flowering Plant,1980-1999,Extinct,Invasive Species,1
Delissea takeuchii,United States,North America,Flowering Plant,1980-1999,Extinct,Climate Change,1
Delissea undulata,United States,North America,Flowering Plant,Before 1900,Extinct,Agriculture & Aquaculture,1
Delissea undulata,United States,North America,Flowering Plant,Before 1900,Extinct,Invasive Species,1
Delissea undulata,United States,North America,Flowering Plant,Before 1900,Extinct,Natural System Modifications,1
Delonix tomentosa,Madagascar,Africa,Flowering Plant,1900-1919,Extinct,Agriculture & Aquaculture,1
Delonix tomentosa,Madagascar,Africa,Flowering Plant,1900-1919,Extinct,Natural System Modifications,1
Dendrobium bandaense,Indonesia,Asia,Flowering Plant,1900-1919,Extinct,Geological Events,1
Dendrobium brillianum,Indonesia,Oceania,Flowering Plant,1900-1919,Extinct,Agriculture & Aquaculture,1
Dendrobium brillianum,Indonesia,Oceania,Flowering Plant,1900-1919,Extinct,Biological Resource Use,1
Dendrobium brillianum,Indonesia,Oceania,Flowering Plant,1900-1919,Extinct,Commercial Development,1
Devillea flagelliformis,Brazil,South America,Flowering Plant,Before 1900,Extinct,Invasive Species,1
Dicoma pretoriensis,South Africa,Africa,Flowering Plant,1920-1939,Extinct,Commercial Development,1
Dicoma pretoriensis,South Africa,Africa,Flowering Plant,1920-1939,Extinct,Invasive Species,1
Dicoma pretoriensis,South Africa,Africa,Flowering Plant,1920-1939,Extinct,Human Intrusions,1
Dillenia fischeri,Philippines,Asia,Flowering Plant,1900-1919,Extinct,Agriculture & Aquaculture,1
Dillenia fischeri,Philippines,Asia,Flowering Plant,1900-1919,Extinct,Commercial Development,1
Dillenia fischeri,Philippines,Asia,Flowering Plant,1900-1919,Extinct,Invasive Species,1
Dillenia fischeri,Philippines,Asia,Flowering Plant,1900-1919,Extinct,Energy Production & Mining,1
Diospyros katendei,Uganda,Africa,Flowering Plant,2000-2020,Extinct,Biological Resource Use,1
Diospyros ketsensis,Madagascar,Africa,Flowering Plant,1920-1939,Extinct,Agriculture & Aquaculture,1
Diospyros ketsensis,Madagascar,Africa,Flowering Plant,1920-1939,Extinct,Biological Resource Use,1
Diospyros ketsensis,Madagascar,Africa,Flowering Plant,1920-1939,Extinct,Natural System Modifications,1
Diospyros subtrinervis,Madagascar,Africa,Flowering Plant,Before 1900,Extinct,Agriculture & Aquaculture,1
Diospyros subtrinervis,Madagascar,Africa,Flowering Plant,Before 1900,Extinct,Biological Resource Use,1
Diospyros subtrinervis,Madagascar,Africa,Flowering Plant,Before 1900,Extinct,Natural System Modifications,1
Diplazium laffanianum,Bermuda,North America,Ferns and Allies,1900-1919,Extinct in the Wild,Commercial Development,1
Diplazium laffanianum,Bermuda,North America,Ferns and Allies,1900-1919,Extinct in the Wild,Invasive Species,1
Diplazium laffanianum,Bermuda,North America,Ferns and Allies,1900-1919,Extinct in the Wild,Human Intrusions,1
Diplazium laffanianum,Bermuda,North America,Ferns and Allies,1900-1919,Extinct in the Wild,Pollution,1
Diplazium laffanianum,Bermuda,North America,Ferns and Allies,1900-1919,Extinct in the Wild,Transportation Corridor,1
Diplazium ulugurense,Tanzania,Africa,Ferns and Allies,1960-1979,Extinct,Agriculture & Aquaculture,1
Discocactus subterraneo-proliferans,Brazil,South America,Flowering Plant,1980-1999,Extinct in the Wild,Agriculture & Aquaculture,1
Disperis bosseri,Madagascar,Africa,Flowering Plant,1940-1959,Extinct,Biological Resource Use,1
Disperis bosseri,Madagascar,Africa,Flowering Plant,1940-1959,Extinct,Natural System Modifications,1
Disperis egregia,Tanzania,Africa,Flowering Plant,1940-1959,Extinct,Biological Resource Use,1
Disperis egregia,Tanzania,Africa,Flowering Plant,1940-1959,Extinct,Invasive Species,1
Dissotis longisepala,Burundi,Africa,Flowering Plant,1940-1959,Extinct,Agriculture & Aquaculture,1
Dombeya macropoda,Madagascar,Africa,Flowering Plant,1980-1999,Extinct,Agriculture & Aquaculture,1
Dombeya macropoda,Madagascar,Africa,Flowering Plant,1980-1999,Extinct,Biological Resource Use,1
Dombeya micrantha,Madagascar,Africa,Flowering Plant,1940-1959,Extinct,Agriculture & Aquaculture,1
Dombeya micrantha,Madagascar,Africa,Flowering Plant,1940-1959,Extinct,Biological Resource Use,1
Dombeya pauciflora,Madagascar,Africa,Flowering Plant,1960-1979,Extinct,Agriculture & Aquaculture,1
Dombeya pauciflora,Madagascar,Africa,Flowering Plant,1960-1979,Extinct,Natural System Modifications,1
Dombeya sakamaliensis,Madagascar,Africa,Flowering Plant,1920-1939,Extinct,Biological Resource Use,1
Dombeya sakamaliensis,Madagascar,Africa,Flowering Plant,1920-1939,Extinct,Natural System Modifications,1
Dombeya sely,Madagascar,Africa,Flowering Plant,1940-1959,Extinct,Agriculture & Aquaculture,1
Dombeya sely,Madagascar,Africa,Flowering Plant,1940-1959,Extinct,Natural System Modifications,1
Dombeya seyrigiana,Madagascar,Africa,Flowering Plant,1940-1959,Extinct,Agriculture & Aquaculture,1
Dombeya seyrigiana,Madagascar,Africa,Flowering Plant,1940-1959,Extinct,Biological Resource Use,1
Dombeya seyrigiana,Madagascar,Africa,Flowering Plant,1940-1959,Extinct,Natural System Modifications,1
Dombeya tavia,Madagascar,Africa,Flowering Plant,1940-1959,Extinct,Agriculture & Aquaculture,1
Dombeya tavia,Madagascar,Africa,Flowering Plant,1940-1959,Extinct,Biological Resource Use,1
Dombeya tavia,Madagascar,Africa,Flowering Plant,1940-1959,Extinct,Energy Production & Mining,1
Dombeya tavia,Madagascar,Africa,Flowering Plant,1940-1959,Extinct,Natural System Modifications,1
Dombeya tsiandrensis,Madagascar,Africa,Flowering Plant,1940-1959,Extinct,Agriculture & Aquaculture,1
Dombeya tsiandrensis,Madagascar,Africa,Flowering Plant,1940-1959,Extinct,Biological Resource Use,1
Dombeya tsiandrensis,Madagascar,Africa,Flowering Plant,1940-1959,Extinct,Natural System Modifications,1
Dorstenia bicaudata,Tanzania,Africa,Flowering Plant,1940-1959,Extinct,Agriculture & Aquaculture,1
Drosera allantostigma,Australia,Oceania,Flowering Plant,2000-2020,Extinct,Agriculture & Aquaculture,1
Drosera allantostigma,Australia,Oceania,Flowering Plant,2000-2020,Extinct,Transportation Corridor,1
Drosera allantostigma,Australia,Oceania,Flowering Plant,2000-2020,Extinct,Natural System Modifications,1
Dryopteris ascensionis,"Saint Helena, Ascension and Tristan da Cunha",Africa,Ferns and Allies,1960-1979,Extinct,Invasive Species,1
Dryopteris ascensionis,"Saint Helena, Ascension and Tristan da Cunha",Africa,Ferns and Allies,1960-1979,Extinct,Geological Events,1
Dubautia kenwoodii,United States,North America,Flowering Plant,1980-1999,Extinct,Invasive Species,1
Dubautia kenwoodii,United States,North America,Flowering Plant,1980-1999,Extinct,Climate Change,1
Dubautia kenwoodii,United States,North America,Flowering Plant,1980-1999,Extinct,Geological Events,1
Dypsis brittiana,Madagascar,Africa,Flowering Plant,2000-2020,Extinct,Biological Resource Use,1
Egletes humifusa,Ecuador,South America,Flowering Plant,Before 1900,Extinct,Biological Resource Use,1
Elaeocarpus occidentalis,Madagascar,Africa,Flowering Plant,1940-1959,Extinct,Agriculture & Aquaculture,1
Elaeocarpus occidentalis,Madagascar,Africa,Flowering Plant,1940-1959,Extinct,Biological Resource Use,1
Elaeocarpus occidentalis,Madagascar,Africa,Flowering Plant,1940-1959,Extinct,Energy Production & Mining,1
Elaeocarpus occidentalis,Madagascar,Africa,Flowering Plant,1940-1959,Extinct,Natural System Modifications,1
Elaphandra retroflexa,Ecuador,South America,Flowering Plant,1920-1939,Extinct,Biological Resource Use,1
Elaphoglossum gracilipes,Ecuador,South America,Ferns and Allies,Before 1900,Extinct,Agriculture & Aquaculture,1
Elaphoglossum polytrichum,Ecuador,South America,Ferns and Allies,Before 1900,Extinct,Agriculture & Aquaculture,1
Eleocharis lepta,South Africa,Africa,Flowering Plant,Before 1900,Extinct,Unknown,1
Emicocarpus fissifolius,Mozambique,Africa,Flowering Plant,1960-1979,Extinct,Commercial Development,1
Emilia djalonensis,Guinea,Africa,Flowering Plant,1900-1919,Extinct,Agriculture & Aquaculture,1
Emilia djalonensis,Guinea,Africa,Flowering Plant,1900-1919,Extinct,Commercial Development,1
Emilia djalonensis,Guinea,Africa,Flowering Plant,1900-1919,Extinct,Energy Production & Mining,1
Emilia djalonensis,Guinea,Africa,Flowering Plant,1900-1919,Extinct,Natural System Modifications,1
Encephalartos brevifoliolatus,South Africa,Africa,Cycad,2000-2020,Extinct in the Wild,Biological Resource Use,1
Encephalartos cerinus,South Africa,Africa,Cycad,1980-1999,Extinct,Biological Resource Use,1
Encephalartos hirsutus,South Africa,Africa,Cycad,2000-2020,Extinct,Unknown,1
Encephalartos inopinus,South Africa,Africa,Cycad,2000-2020,Extinct,Biological Resource Use,1
Encephalartos nubimontanus,South Africa,Africa,Cycad,2000-2020,Extinct in the Wild,Biological Resource Use,1
Encephalartos relictus,Swaziland,Africa,Cycad,1960-1979,Extinct in the Wild,Biological Resource Use,1
Encephalartos woodii,South Africa,Africa,Cycad,1900-1919,Extinct in the Wild,Biological Resource Use,1
Endiandra scrobiculata,Malaysia,Asia,Flowering Plant,1960-1979,Extinct,Commercial Development,1
Endiandra scrobiculata,Malaysia,Asia,Flowering Plant,1960-1979,Extinct,Human Intrusions,1
Epidendrum lanceolatum,Trinidad and Tobago,South America,Flowering Plant,Before 1900,Extinct,Energy Production & Mining,1
Eragrostis fosbergii,United States,North America,Flowering Plant,1980-1999,Extinct,Invasive Species,1
Eragrostis fosbergii,United States,North America,Flowering Plant,1980-1999,Extinct,Climate Change,1
Eragrostis fosbergii,United States,North America,Flowering Plant,1980-1999,Extinct,Natural System Modifications,1
Eremospatha barendii,Cameroon,Africa,Flowering Plant,2000-2020,Extinct,Agriculture & Aquaculture,1
Eremospatha barendii,Cameroon,Africa,Flowering Plant,2000-2020,Extinct,Biological Resource Use,1
Eriocaulon caesium,Trinidad and Tobago,South America,Flowering Plant,Before 1900,Extinct,Commercial Development,1
Eriocaulon hildebrandtii,Madagascar,Africa,Flowering Plant,Before 1900,Extinct,Agriculture & Aquaculture,1
Eriocaulon hildebrandtii,Madagascar,Africa,Flowering Plant,Before 1900,Extinct,Commercial Development,1
Eriocaulon hildebrandtii,Madagascar,Africa,Flowering Plant,Before 1900,Extinct,Human Intrusions,1
Eriocaulon parvicapitulatum,Madagascar,Africa,Flowering Plant,1900-1919,Extinct,Agriculture & Aquaculture,1
Eriocaulon parvicapitulatum,Madagascar,Africa,Flowering Plant,1900-1919,Extinct,Commercial Development,1
Eriocaulon parvicapitulatum,Madagascar,Africa,Flowering Plant,1900-1919,Extinct,Human Intrusions,1
Eriocaulon parvicapitulatum,Madagascar,Africa,Flowering Plant,1900-1919,Extinct,Transportation Corridor,1
Erythroxylum echinodendron,Cuba,North America,Flowering Plant,NA,Extinct in the Wild,Agriculture & Aquaculture,1
Erythroxylum echinodendron,Cuba,North America,Flowering Plant,NA,Extinct in the Wild,Biological Resource Use,1
Erythroxylum echinodendron,Cuba,North America,Flowering Plant,NA,Extinct in the Wild,Commercial Development,1
Etlingera heyneana,Indonesia,Asia,Flowering Plant,1920-1939,Extinct,Agriculture & Aquaculture,1
Etlingera heyneana,Indonesia,Asia,Flowering Plant,1920-1939,Extinct,Commercial Development,1
Etlingera newmanii,Malaysia,Asia,Flowering Plant,1980-1999,Extinct,Agriculture & Aquaculture,1
Eugenia albida,Ecuador,South America,Flowering Plant,Before 1900,Extinct,Unknown,1
Eugenia guayaquilensis,Ecuador,South America,Flowering Plant,Before 1900,Extinct,Unknown,1
Eugenia scheffleri,Tanzania,Africa,Flowering Plant,1900-1919,Extinct,Agriculture & Aquaculture,1
Eulophia grandidieri,Madagascar,Africa,Flowering Plant,1900-1919,Extinct,Biological Resource Use,1
Eulophia stenopetala,Bhutan,Asia,Flowering Plant,Before 1900,Extinct,Unknown,1
Euphorbia alcicornis,Madagascar,Africa,Flowering Plant,Before 1900,Extinct,Natural System Modifications,1
Euphorbia boinensis,Madagascar,Africa,Flowering Plant,1920-1939,Extinct,Biological Resource Use,1
Euphorbia boinensis,Madagascar,Africa,Flowering Plant,1920-1939,Extinct,Natural System Modifications,1
Euphorbia capuronii,Madagascar,Africa,Flowering Plant,1940-1959,Extinct in the Wild,Biological Resource Use,1
Euphorbia mayurnathanii,India,Asia,Flowering Plant,1920-1939,Extinct in the Wild,Unknown,1
Euphorbia neospinescens,Tanzania,Africa,Flowering Plant,1940-1959,Extinct,Agriculture & Aquaculture,1
Euphorbia pirahazo,Madagascar,Africa,Flowering Plant,1920-1939,Extinct,Biological Resource Use,1
Euphorbia pirahazo,Madagascar,Africa,Flowering Plant,1920-1939,Extinct,Natural System Modifications,1
Euphorbia ramofraga,Madagascar,Africa,Flowering Plant,1920-1939,Extinct,Biological Resource Use,1
Euphorbia ramofraga,Madagascar,Africa,Flowering Plant,1920-1939,Extinct,Natural System Modifications,1
Euphrasia mendoncae,Portugal,Europe,Flowering Plant,1920-1939,Extinct,Unknown,1
Fissidens microstictus,Portugal,Europe,Mosses,1980-1999,Extinct,Commercial Development,1
Fitchia mangarevensis,French Polynesia,Oceania,Flowering Plant,1920-1939,Extinct,Unknown,1
Flabellidium spinosum,Bolivia,South America,Mosses,1900-1919,Extinct,Agriculture & Aquaculture,1
Flabellidium spinosum,Bolivia,South America,Mosses,1900-1919,Extinct,Biological Resource Use,1
Foetidia rubescens,Madagascar,Africa,Flowering Plant,1960-1979,Extinct,Agriculture & Aquaculture,1
Foetidia rubescens,Madagascar,Africa,Flowering Plant,1960-1979,Extinct,Biological Resource Use,1
Franklinia alatamaha,United States,North America,Flowering Plant,Before 1900,Extinct in the Wild,Biological Resource Use,1
Franklinia alatamaha,United States,North America,Flowering Plant,Before 1900,Extinct in the Wild,Natural System Modifications,1
Furcraea macdougallii,Mexico,North America,Flowering Plant,1960-1979,Extinct in the Wild,Agriculture & Aquaculture,1
Furcraea macdougallii,Mexico,North America,Flowering Plant,1960-1979,Extinct in the Wild,Natural System Modifications,1
Galaxaura barbata,Ecuador,South America,Algae,1960-1979,Extinct,Climate Change,1
Galipea ossana,Cuba,North America,Flowering Plant,Before 1900,Extinct,Unknown,1
Gaultheria stereophylla,Ecuador,South America,Flowering Plant,1900-1919,Extinct,Unknown,1
Geostachys taipingensis,Malaysia,Asia,Flowering Plant,1940-1959,Extinct,Commercial Development,1
Gomidesia cambessedeana,Brazil,South America,Flowering Plant,Before 1900,Extinct,Unknown,1
Gomphandra dinagatensis,Philippines,Asia,Flowering Plant,1900-1919,Extinct,Biological Resource Use,1
Gomphandra dinagatensis,Philippines,Asia,Flowering Plant,1900-1919,Extinct,Energy Production & Mining,1
Gossypium armourianum,Mexico,North America,Flowering Plant,2000-2020,Extinct in the Wild,Commercial Development,1
Gossypium armourianum,Mexico,North America,Flowering Plant,2000-2020,Extinct in the Wild,Invasive Species,1
Grewia monantha,Madagascar,Africa,Flowering Plant,1960-1979,Extinct,Agriculture & Aquaculture,1
Grewia monantha,Madagascar,Africa,Flowering Plant,1960-1979,Extinct,Commercial Development,1
Grewia perrieri,Madagascar,Africa,Flowering Plant,1900-1919,Extinct,Agriculture & Aquaculture,1
Grewia perrieri,Madagascar,Africa,Flowering Plant,1900-1919,Extinct,Biological Resource Use,1
Grewia perrieri,Madagascar,Africa,Flowering Plant,1900-1919,Extinct,Commercial Development,1
Grewia tsiandrensis,Madagascar,Africa,Flowering Plant,1920-1939,Extinct,Agriculture & Aquaculture,1
Guettarda retusa,Cuba,North America,Flowering Plant,Before 1900,Extinct,Biological Resource Use,1
Guzmania lepidota,Ecuador,South America,Flowering Plant,Before 1900,Extinct,Agriculture & Aquaculture,1
Guzmania lepidota,Ecuador,South America,Flowering Plant,Before 1900,Extinct,Biological Resource Use,1
Guzmania poortmanii,Ecuador,South America,Flowering Plant,Before 1900,Extinct,Agriculture & Aquaculture,1
Guzmania poortmanii,Ecuador,South America,Flowering Plant,Before 1900,Extinct,Biological Resource Use,1
Guzmania striata,Ecuador,South America,Flowering Plant,1940-1959,Extinct,Agriculture & Aquaculture,1
Guzmania striata,Ecuador,South America,Flowering Plant,1940-1959,Extinct,Biological Resource Use,1
Gynura campanulata,Kenya,Africa,Flowering Plant,1920-1939,Extinct,Agriculture & Aquaculture,1
Gynura campanulata,Kenya,Africa,Flowering Plant,1920-1939,Extinct,Commercial Development,1
Gyrostipula obtusa,Madagascar,Africa,Flowering Plant,1960-1979,Extinct,Agriculture & Aquaculture,1
Gyrostipula obtusa,Madagascar,Africa,Flowering Plant,1960-1979,Extinct,Biological Resource Use,1
Gyrostipula obtusa,Madagascar,Africa,Flowering Plant,1960-1979,Extinct,Natural System Modifications,1
Habenaria lewallei,Burundi,Africa,Flowering Plant,1960-1979,Extinct,Agriculture & Aquaculture,1
Habenaria lewallei,Burundi,Africa,Flowering Plant,1960-1979,Extinct,Energy Production & Mining,1
Habenaria petromedusa,Cabo Verde,Africa,Flowering Plant,Before 1900,Extinct,Unknown,1
Heliotropium pannifolium,"Saint Helena, Ascension and Tristan da Cunha",Africa,Flowering Plant,Before 1900,Extinct,Invasive Species,1
Helmiopsis glaberrima,Madagascar,Africa,Flowering Plant,1940-1959,Extinct,Agriculture & Aquaculture,1
Helmiopsis glaberrima,Madagascar,Africa,Flowering Plant,1940-1959,Extinct,Biological Resource Use,1
Helmiopsis glaberrima,Madagascar,Africa,Flowering Plant,1940-1959,Extinct,Natural System Modifications,1
Hernandia drakeana,French Polynesia,Oceania,Flowering Plant,1900-1919,Extinct,Unknown,1
Heterosamara bennae,Guinea,Africa,Flowering Plant,1920-1939,Extinct,Agriculture & Aquaculture,1
Heterosamara bennae,Guinea,Africa,Flowering Plant,1920-1939,Extinct,Natural System Modifications,1
Hibiscadelphus bombycinus,United States,North America,Flowering Plant,Before 1900,Extinct,Unknown,1
Hibiscadelphus crucibracteatus,United States,North America,Flowering Plant,1980-1999,Extinct,Unknown,1
Hibiscadelphus wilderianus,United States,North America,Flowering Plant,1900-1919,Extinct,Unknown,1
Hibiscadelphus woodii,United States,North America,Flowering Plant,1980-1999,Extinct,Invasive Species,1
Hibiscadelphus woodii,United States,North America,Flowering Plant,1980-1999,Extinct,Human Intrusions,1
Hibiscadelphus woodii,United States,North America,Flowering Plant,1980-1999,Extinct,Geological Events,1
Hibiscus grandistipulatus,Madagascar,Africa,Flowering Plant,1940-1959,Extinct,Agriculture & Aquaculture,1
Hibiscus grandistipulatus,Madagascar,Africa,Flowering Plant,1940-1959,Extinct,Biological Resource Use,1
Hibiscus storckii,Fiji,Oceania,Flowering Plant,2000-2020,Extinct in the Wild,Invasive Species,1
Hibiscus storckii,Fiji,Oceania,Flowering Plant,2000-2020,Extinct in the Wild,Climate Change,1
Hopea shingkeng,India,Asia,Flowering Plant,NA,Extinct,Unknown,1
Hunteria hexaloba,Gabon,Africa,Flowering Plant,1900-1919,Extinct,Agriculture & Aquaculture,1
Hunteria hexaloba,Gabon,Africa,Flowering Plant,1900-1919,Extinct,Biological Resource Use,1
Hunteria hexaloba,Gabon,Africa,Flowering Plant,1900-1919,Extinct,Commercial Development,1
Hunteria hexaloba,Gabon,Africa,Flowering Plant,1900-1919,Extinct,Energy Production & Mining,1
Hydrostachys perrieri,Madagascar,Africa,Flowering Plant,1900-1919,Extinct,Energy Production & Mining,1
Hydrostachys perrieri,Madagascar,Africa,Flowering Plant,1900-1919,Extinct,Natural System Modifications,1
Hymenodictyon seyrigii,Madagascar,Africa,Flowering Plant,1940-1959,Extinct,Energy Production & Mining,1
Hymenodictyon seyrigii,Madagascar,Africa,Flowering Plant,1940-1959,Extinct,Natural System Modifications,1
Hypericum gnidiifolium,Ethiopia,Africa,Flowering Plant,Before 1900,Extinct,Agriculture & Aquaculture,1
Hypericum gnidiifolium,Ethiopia,Africa,Flowering Plant,Before 1900,Extinct,Biological Resource Use,1
Ilex gardneriana,India,Asia,Flowering Plant,Before 1900,Extinct,Agriculture & Aquaculture,1
Ilex gardneriana,India,Asia,Flowering Plant,Before 1900,Extinct,Biological Resource Use,1
Ilex gardneriana,India,Asia,Flowering Plant,Before 1900,Extinct,Commercial Development,1
Ilex ternatiflora,Cuba,North America,Flowering Plant,Before 1900,Extinct,Unknown,1
Impatiens boinensis,Madagascar,Africa,Flowering Plant,1900-1919,Extinct,Agriculture & Aquaculture,1
Impatiens boinensis,Madagascar,Africa,Flowering Plant,1900-1919,Extinct,Climate Change,1
Impatiens boinensis,Madagascar,Africa,Flowering Plant,1900-1919,Extinct,Natural System Modifications,1
Impatiens granulifera,Madagascar,Africa,Flowering Plant,1920-1939,Extinct,Agriculture & Aquaculture,1
Impatiens granulifera,Madagascar,Africa,Flowering Plant,1920-1939,Extinct,Biological Resource Use,1
Impatiens granulifera,Madagascar,Africa,Flowering Plant,1920-1939,Extinct,Natural System Modifications,1
Impatiens saliensis,Tanzania,Africa,Flowering Plant,1920-1939,Extinct,Agriculture & Aquaculture,1
Indigofera ankaratrensis,Madagascar,Africa,Flowering Plant,1900-1919,Extinct,Agriculture & Aquaculture,1
Indigofera ankaratrensis,Madagascar,Africa,Flowering Plant,1900-1919,Extinct,Natural System Modifications,1
Indigofera pobeguinii,Guinea,Africa,Flowering Plant,1900-1919,Extinct,Commercial Development,1
Indigofera pobeguinii,Guinea,Africa,Flowering Plant,1900-1919,Extinct,Natural System Modifications,1
Inversodicraea abbayesii,Guinea,Africa,Flowering Plant,1940-1959,Extinct,Energy Production & Mining,1
Inversodicraea abbayesii,Guinea,Africa,Flowering Plant,1940-1959,Extinct,Pollution,1
Inversodicraea abbayesii,Guinea,Africa,Flowering Plant,1940-1959,Extinct,Natural System Modifications,1
Inversodicraea pygmaea,Guinea,Africa,Flowering Plant,1940-1959,Extinct,Energy Production & Mining,1
Inversodicraea pygmaea,Guinea,Africa,Flowering Plant,1940-1959,Extinct,Pollution,1
Inversodicraea pygmaea,Guinea,Africa,Flowering Plant,1940-1959,Extinct,Natural System Modifications,1
Isoetes heldreichii,Greece,Europe,Ferns and Allies,Before 1900,Extinct,Unknown,1
Isoetes sinensis,China,Asia,Ferns and Allies,2000-2020,Extinct,Agriculture & Aquaculture,1
Isoetes sinensis,China,Asia,Ferns and Allies,2000-2020,Extinct,Commercial Development,1
Ixora trimera,Madagascar,Africa,Flowering Plant,1940-1959,Extinct,Agriculture & Aquaculture,1
Ixora trimera,Madagascar,Africa,Flowering Plant,1940-1959,Extinct,Biological Resource Use,1
Kadua haupuensis,United States,North America,Flowering Plant,1980-1999,Extinct in the Wild,Invasive Species,1
Kanaloa kahoolawensis,United States,North America,Flowering Plant,2000-2020,Extinct in the Wild,Invasive Species,1
Kanaloa kahoolawensis,United States,North America,Flowering Plant,2000-2020,Extinct in the Wild,Climate Change,1
Kokia cookei,United States,North America,Flowering Plant,1960-1979,Extinct in the Wild,Agriculture & Aquaculture,1
Kokia lanceolata,United States,North America,Flowering Plant,Before 1900,Extinct,Unknown,1
Kunkeliella psilotoclada,Spain,Europe,Flowering Plant,1980-1999,Extinct,Agriculture & Aquaculture,1
Kunkeliella psilotoclada,Spain,Europe,Flowering Plant,1980-1999,Extinct,Invasive Species,1
Kyllinga chrysanthoides,Burundi,Africa,Flowering Plant,1960-1979,Extinct,Agriculture & Aquaculture,1
Lachanodes arborea,"Saint Helena, Ascension and Tristan da Cunha",Africa,Flowering Plant,2000-2020,Extinct in the Wild,Agriculture & Aquaculture,1
Lachanodes arborea,"Saint Helena, Ascension and Tristan da Cunha",Africa,Flowering Plant,2000-2020,Extinct in the Wild,Biological Resource Use,1
Lachanodes arborea,"Saint Helena, Ascension and Tristan da Cunha",Africa,Flowering Plant,2000-2020,Extinct in the Wild,Invasive Species,1
Lachanodes arborea,"Saint Helena, Ascension and Tristan da Cunha",Africa,Flowering Plant,2000-2020,Extinct in the Wild,Natural System Modifications,1
Lachanodes arborea,"Saint Helena, Ascension and Tristan da Cunha",Africa,Flowering Plant,2000-2020,Extinct in the Wild,Unknown,1
Lepidium amissum,New Zealand,Oceania,Flowering Plant,1900-1919,Extinct,Unknown,1
Lepidium obtusatum,New Zealand,Oceania,Flowering Plant,1940-1959,Extinct,Biological Resource Use,1
Lepidium obtusatum,New Zealand,Oceania,Flowering Plant,1940-1959,Extinct,Invasive Species,1
Lepidium obtusatum,New Zealand,Oceania,Flowering Plant,1940-1959,Extinct,Energy Production & Mining,1
Licania caldasiana,Colombia,South America,Flowering Plant,NA,Extinct,Unknown,1
Lijndenia brenanii,Tanzania,Africa,Flowering Plant,1960-1979,Extinct,Biological Resource Use,1
Lijndenia brenanii,Tanzania,Africa,Flowering Plant,1960-1979,Extinct,Invasive Species,1
Lijndenia brenanii,Tanzania,Africa,Flowering Plant,1960-1979,Extinct,Energy Production & Mining,1
Lijndenia ramiflora,Madagascar,Africa,Flowering Plant,1960-1979,Extinct,Agriculture & Aquaculture,1
Lijndenia ramiflora,Madagascar,Africa,Flowering Plant,1960-1979,Extinct,Natural System Modifications,1
Linderniella boutiqueana,Burundi,Africa,Flowering Plant,1960-1979,Extinct,Agriculture & Aquaculture,1
Linderniella boutiqueana,Burundi,Africa,Flowering Plant,1960-1979,Extinct,Commercial Development,1
Linderniella boutiqueana,Burundi,Africa,Flowering Plant,1960-1979,Extinct,Energy Production & Mining,1
Linderniella ugandensis,Uganda,Africa,Flowering Plant,1900-1919,Extinct,Agriculture & Aquaculture,1
Logania depressa,New Zealand,Oceania,Flowering Plant,Before 1900,Extinct,Invasive Species,1
Logania depressa,New Zealand,Oceania,Flowering Plant,Before 1900,Extinct,Natural System Modifications,1
Loudetiopsis baldwinii,Guinea,Africa,Flowering Plant,1940-1959,Extinct,Agriculture & Aquaculture,1
Loudetiopsis baldwinii,Guinea,Africa,Flowering Plant,1940-1959,Extinct,Commercial Development,1
Loudetiopsis baldwinii,Guinea,Africa,Flowering Plant,1940-1959,Extinct,Energy Production & Mining,1
Loudetiopsis baldwinii,Guinea,Africa,Flowering Plant,1940-1959,Extinct,Transportation Corridor,1
Lysimachia minoricensis,Spain,Europe,Flowering Plant,1920-1939,Extinct in the Wild,Biological Resource Use,1
Maclurodendron parviflorum,Malaysia,Asia,Flowering Plant,1960-1979,Extinct,Commercial Development,1
Madhuca insignis,India,Asia,Flowering Plant,2000-2020,Extinct,Agriculture & Aquaculture,1
Madhuca insignis,India,Asia,Flowering Plant,2000-2020,Extinct,Biological Resource Use,1
Madhuca insignis,India,Asia,Flowering Plant,2000-2020,Extinct,Commercial Development,1
Madhuca markleeana,Malaysia,Asia,Flowering Plant,1980-1999,Extinct,Agriculture & Aquaculture,1
Madhuca markleeana,Malaysia,Asia,Flowering Plant,1980-1999,Extinct,Biological Resource Use,1
Magnolia dixonii,Ecuador,South America,Flowering Plant,1960-1979,Extinct,Agriculture & Aquaculture,1
Magnolia dixonii,Ecuador,South America,Flowering Plant,1960-1979,Extinct,Biological Resource Use,1
Magnolia dixonii,Ecuador,South America,Flowering Plant,1960-1979,Extinct,Transportation Corridor,1
Magnolia emarginata,Haiti,North America,Flowering Plant,1980-1999,Extinct,Agriculture & Aquaculture,1
Magnolia emarginata,Haiti,North America,Flowering Plant,1980-1999,Extinct,Biological Resource Use,1
Magnolia emarginata,Haiti,North America,Flowering Plant,1980-1999,Extinct,Climate Change,1
Magnolia emarginata,Haiti,North America,Flowering Plant,1980-1999,Extinct,Geological Events,1
Magnolia wolfii,Colombia,South America,Flowering Plant,2000-2020,Extinct in the Wild,Agriculture & Aquaculture,1
Manettia canescens,Ecuador,South America,Flowering Plant,Before 1900,Extinct,Unknown,1
Manettia holwayi,Ecuador,South America,Flowering Plant,1920-1939,Extinct,Unknown,1
Mangifera casturi,Indonesia,Asia,Flowering Plant,1980-1999,Extinct in the Wild,Agriculture & Aquaculture,1
Mangifera rubropetala,Malaysia,Asia,Flowering Plant,Before 1900,Extinct in the Wild,Unknown,1
Manilkara gonavensis,Haiti,North America,Flowering Plant,1920-1939,Extinct,Agriculture & Aquaculture,1
Manilkara gonavensis,Haiti,North America,Flowering Plant,1920-1939,Extinct,Biological Resource Use,1
Manilkara gonavensis,Haiti,North America,Flowering Plant,1920-1939,Extinct,Natural System Modifications,1
Margaritaria hispidula,Madagascar,Africa,Flowering Plant,1960-1979,Extinct,Agriculture & Aquaculture,1
Margaritaria hispidula,Madagascar,Africa,Flowering Plant,1960-1979,Extinct,Biological Resource Use,1
Margaritaria hispidula,Madagascar,Africa,Flowering Plant,1960-1979,Extinct,Natural System Modifications,1
Marsdenia weberlingiana,New Caledonia,Oceania,Flowering Plant,1960-1979,Extinct,Natural System Modifications,1
Matelea ecuadorensis,Ecuador,South America,Flowering Plant,Before 1900,Extinct,Unknown,1
Maxillaria broadwayi,Trinidad and Tobago,South America,Flowering Plant,1900-1919,Extinct,Agriculture & Aquaculture,1
Maxillaria broadwayi,Trinidad and Tobago,South America,Flowering Plant,1900-1919,Extinct,Commercial Development,1
Maytenus manabiensis,Ecuador,South America,Flowering Plant,Before 1900,Extinct,Unknown,1
Melanochyla woodiana,Malaysia,Asia,Flowering Plant,1940-1959,Extinct,Agriculture & Aquaculture,1
Melanochyla woodiana,Malaysia,Asia,Flowering Plant,1940-1959,Extinct,Natural System Modifications,1
Melhania polyneura,Tanzania,Africa,Flowering Plant,Before 1900,Extinct,Agriculture & Aquaculture,1
Melicope cruciata,United States,North America,Flowering Plant,2000-2020,Extinct,Unknown,1
Melicope fatraina,Madagascar,Africa,Flowering Plant,1900-1919,Extinct,Agriculture & Aquaculture,1
Melicope fatraina,Madagascar,Africa,Flowering Plant,1900-1919,Extinct,Biological Resource Use,1
Melicope haleakalae,United States,North America,Flowering Plant,1900-1919,Extinct,Agriculture & Aquaculture,1
Melicope haleakalae,United States,North America,Flowering Plant,1900-1919,Extinct,Invasive Species,1
Melicope macropus,United States,North America,Flowering Plant,1980-1999,Extinct,Invasive Species,1
Melicope nealae,United States,North America,Flowering Plant,1960-1979,Extinct,Invasive Species,1
Melicope obovata,United States,North America,Flowering Plant,NA,Extinct,Unknown,1
Melicope paniculata,United States,North America,Flowering Plant,2000-2020,Extinct,Agriculture & Aquaculture,1
Melicope paniculata,United States,North America,Flowering Plant,2000-2020,Extinct,Invasive Species,1
Melpomene brevipes,Ecuador,South America,Ferns and Allies,Before 1900,Extinct,Agriculture & Aquaculture,1
Memecylon isaloense,Madagascar,Africa,Flowering Plant,1940-1959,Extinct,Agriculture & Aquaculture,1
Memecylon isaloense,Madagascar,Africa,Flowering Plant,1940-1959,Extinct,Biological Resource Use,1
Memecylon isaloense,Madagascar,Africa,Flowering Plant,1940-1959,Extinct,Human Intrusions,1
Memecylon isaloense,Madagascar,Africa,Flowering Plant,1940-1959,Extinct,Natural System Modifications,1
Mesanthemum cupricola,Congo,Africa,Flowering Plant,1940-1959,Extinct,Energy Production & Mining,1
Mezoneuron ouenensis,New Caledonia,Oceania,Flowering Plant,Before 1900,Extinct,Energy Production & Mining,1
Mezoneuron ouenensis,New Caledonia,Oceania,Flowering Plant,Before 1900,Extinct,Human Intrusions,1
Miconia abscondita,Haiti,North America,Flowering Plant,1920-1939,Extinct,Agriculture & Aquaculture,1
Miconia abscondita,Haiti,North America,Flowering Plant,1920-1939,Extinct,Climate Change,1
Miconia longisetosa,Ecuador,South America,Flowering Plant,Before 1900,Extinct,Unknown,1
Miconia scabra,Ecuador,South America,Flowering Plant,Before 1900,Extinct,Unknown,1
Microglossa caudata,Guinea,Africa,Flowering Plant,1900-1919,Extinct,Agriculture & Aquaculture,1
Microglossa caudata,Guinea,Africa,Flowering Plant,1900-1919,Extinct,Commercial Development,1
Microglossa caudata,Guinea,Africa,Flowering Plant,1900-1919,Extinct,Natural System Modifications,1
Mikania iserniana,Ecuador,South America,Flowering Plant,Before 1900,Extinct,Agriculture & Aquaculture,1
Mikania iserniana,Ecuador,South America,Flowering Plant,Before 1900,Extinct,Commercial Development,1
Mikania seemannii,Ecuador,South America,Flowering Plant,Before 1900,Extinct,Unknown,1
Mimosa kitrokala,Madagascar,Africa,Flowering Plant,1940-1959,Extinct,Biological Resource Use,1
Mimosa kitrokala,Madagascar,Africa,Flowering Plant,1940-1959,Extinct,Energy Production & Mining,1
Musa insularimontana,Taiwan,Asia,Flowering Plant,1900-1919,Extinct in the Wild,Pollution,1
Musa insularimontana,Taiwan,Asia,Flowering Plant,1900-1919,Extinct in the Wild,Unknown,1
Musa yamiensis,Taiwan,Asia,Flowering Plant,2000-2020,Extinct,Energy Production & Mining,1
Musa yamiensis,Taiwan,Asia,Flowering Plant,2000-2020,Extinct,Climate Change,1
Musa zaifui,China,Asia,Flowering Plant,2000-2020,Extinct in the Wild,Agriculture & Aquaculture,1
Musa zaifui,China,Asia,Flowering Plant,2000-2020,Extinct in the Wild,Climate Change,1
Musa zaifui,China,Asia,Flowering Plant,2000-2020,Extinct in the Wild,Pollution,1
Musa zaifui,China,Asia,Flowering Plant,2000-2020,Extinct in the Wild,Geological Events,1
Myosotis laingii,New Zealand,Oceania,Flowering Plant,1900-1919,Extinct,Unknown,1
Myrcia skeldingii,Jamaica,North America,Flowering Plant,1960-1979,Extinct,Agriculture & Aquaculture,1
Myrcia skeldingii,Jamaica,North America,Flowering Plant,1960-1979,Extinct,Biological Resource Use,1
Myrcia skeldingii,Jamaica,North America,Flowering Plant,1960-1979,Extinct,Commercial Development,1
Myriophyllum axilliflorum,Madagascar,Africa,Flowering Plant,1920-1939,Extinct,Agriculture & Aquaculture,1
Myriophyllum axilliflorum,Madagascar,Africa,Flowering Plant,1920-1939,Extinct,Biological Resource Use,1
Myriophyllum axilliflorum,Madagascar,Africa,Flowering Plant,1920-1939,Extinct,Commercial Development,1
Myriophyllum axilliflorum,Madagascar,Africa,Flowering Plant,1920-1939,Extinct,Invasive Species,1
Myriophyllum axilliflorum,Madagascar,Africa,Flowering Plant,1920-1939,Extinct,Energy Production & Mining,1
Myriophyllum axilliflorum,Madagascar,Africa,Flowering Plant,1920-1939,Extinct,Human Intrusions,1
Myriophyllum axilliflorum,Madagascar,Africa,Flowering Plant,1920-1939,Extinct,Pollution,1
Myriophyllum axilliflorum,Madagascar,Africa,Flowering Plant,1920-1939,Extinct,Natural System Modifications,1
Nanochilus palembanicus,Indonesia,Asia,Flowering Plant,Before 1900,Extinct,Agriculture & Aquaculture,1
Nanochilus palembanicus,Indonesia,Asia,Flowering Plant,Before 1900,Extinct,Biological Resource Use,1
Nectandra caudatoacuminata,Haiti,North America,Flowering Plant,1920-1939,Extinct,Agriculture & Aquaculture,1
Nectandra caudatoacuminata,Haiti,North America,Flowering Plant,1920-1939,Extinct,Biological Resource Use,1
Nectandra caudatoacuminata,Haiti,North America,Flowering Plant,1920-1939,Extinct,Invasive Species,1
Nectandra caudatoacuminata,Haiti,North America,Flowering Plant,1920-1939,Extinct,Climate Change,1
Nectandra caudatoacuminata,Haiti,North America,Flowering Plant,1920-1939,Extinct,Natural System Modifications,1
Neomacounia nitida,Canada,North America,Mosses,Before 1900,Extinct,Unknown,1
Nesiota elliptica,"Saint Helena, Ascension and Tristan da Cunha",Africa,Flowering Plant,2000-2020,Extinct,Agriculture & Aquaculture,1
Nesiota elliptica,"Saint Helena, Ascension and Tristan da Cunha",Africa,Flowering Plant,2000-2020,Extinct,Biological Resource Use,1
Nesiota elliptica,"Saint Helena, Ascension and Tristan da Cunha",Africa,Flowering Plant,2000-2020,Extinct,Invasive Species,1
Nesiota elliptica,"Saint Helena, Ascension and Tristan da Cunha",Africa,Flowering Plant,2000-2020,Extinct,Unknown,1
Nidorella burundiensis,Burundi,Africa,Flowering Plant,1940-1959,Extinct,Agriculture & Aquaculture,1
Nobregaea latinervis,Portugal,Europe,Mosses,1940-1959,Extinct,Agriculture & Aquaculture,1
Nobregaea latinervis,Portugal,Europe,Mosses,1940-1959,Extinct,Commercial Development,1
Noronhia populifolia,Madagascar,Africa,Flowering Plant,1900-1919,Extinct,Agriculture & Aquaculture,1
Noronhia populifolia,Madagascar,Africa,Flowering Plant,1900-1919,Extinct,Biological Resource Use,1
Nymphaea thermarum,Rwanda,Africa,Flowering Plant,2000-2020,Extinct in the Wild,Commercial Development,1
Nymphaea thermarum,Rwanda,Africa,Flowering Plant,2000-2020,Extinct in the Wild,Natural System Modifications,1
Ochrosia brownii,French Polynesia,Oceania,Flowering Plant,2000-2020,Extinct,Unknown,1
Ochrosia fatuhivensis,French Polynesia,Oceania,Flowering Plant,2000-2020,Extinct,Unknown,1
Ochrosia tahitensis,French Polynesia,Oceania,Flowering Plant,NA,Extinct,Unknown,1
Oeceoclades seychellarum,Seychelles,Africa,Flowering Plant,1900-1919,Extinct,Agriculture & Aquaculture,1
Oldenlandia adscensionis,"Saint Helena, Ascension and Tristan da Cunha",Africa,Flowering Plant,1980-1999,Extinct,Agriculture & Aquaculture,1
Oldenlandia adscensionis,"Saint Helena, Ascension and Tristan da Cunha",Africa,Flowering Plant,1980-1999,Extinct,Invasive Species,1
Onosma griersonii,Bhutan,Asia,Flowering Plant,1980-1999,Extinct,Commercial Development,1
Onosma griersonii,Bhutan,Asia,Flowering Plant,1980-1999,Extinct,Transportation Corridor,1
Ormosia howii,China,Asia,Flowering Plant,1940-1959,Extinct,Agriculture & Aquaculture,1
Ormosia howii,China,Asia,Flowering Plant,1940-1959,Extinct,Biological Resource Use,1
Ornithogalum visianicum,Croatia,Europe,Flowering Plant,1900-1919,Extinct,Unknown,1
Orthosiphon scedastophyllus,Tanzania,Africa,Flowering Plant,1920-1939,Extinct,Agriculture & Aquaculture,1
Orthosiphon schliebenii,Tanzania,Africa,Flowering Plant,1920-1939,Extinct,Agriculture & Aquaculture,1
Otophora unilocularis,China,Asia,Flowering Plant,1920-1939,Extinct,Unknown,1
Panicum pearsonii,Namibia,Africa,Flowering Plant,1900-1919,Extinct,Unknown,1
Pausinystalia brachythyrsum,Cameroon,Africa,Flowering Plant,Before 1900,Extinct,Unknown,1
Pentagonia orthoneura,Ecuador,South America,Flowering Plant,Before 1900,Extinct,Unknown,1
Peperomia dauleana,Ecuador,South America,Flowering Plant,Before 1900,Extinct,Unknown,1
Peperomia petraea,Ecuador,South America,Flowering Plant,Before 1900,Extinct,Unknown,1
Peponidium ihosyense,Madagascar,Africa,Flowering Plant,1940-1959,Extinct,Biological Resource Use,1
Peponidium ihosyense,Madagascar,Africa,Flowering Plant,1940-1959,Extinct,Natural System Modifications,1
Philodendron balaoanum,Ecuador,South America,Flowering Plant,Before 1900,Extinct,Unknown,1
Phycodrina elegans,Ecuador,South America,Algae,1960-1979,Extinct,Climate Change,1
Phyllanthus burundiensis,Burundi,Africa,Flowering Plant,1960-1979,Extinct,Agriculture & Aquaculture,1
Phyllanthus burundiensis,Burundi,Africa,Flowering Plant,1960-1979,Extinct,Biological Resource Use,1
Phyllanthus burundiensis,Burundi,Africa,Flowering Plant,1960-1979,Extinct,Commercial Development,1
Phyllanthus burundiensis,Burundi,Africa,Flowering Plant,1960-1979,Extinct,Energy Production & Mining,1
Phyllanthus felicis,Guinea,Africa,Flowering Plant,1940-1959,Extinct,Agriculture & Aquaculture,1
Phyllanthus felicis,Guinea,Africa,Flowering Plant,1940-1959,Extinct,Biological Resource Use,1
Phyllanthus felicis,Guinea,Africa,Flowering Plant,1940-1959,Extinct,Commercial Development,1
Phyllanthus felicis,Guinea,Africa,Flowering Plant,1940-1959,Extinct,Energy Production & Mining,1
Phyllanthus felicis,Guinea,Africa,Flowering Plant,1940-1959,Extinct,Natural System Modifications,1
Phyllanthus mimicus,Trinidad and Tobago,South America,Flowering Plant,1900-1919,Extinct,Agriculture & Aquaculture,1
Phyllanthus mimicus,Trinidad and Tobago,South America,Flowering Plant,1900-1919,Extinct,Commercial Development,1
Phyllostegia kahiliensis,United States,North America,Flowering Plant,1980-1999,Extinct,Invasive Species,1
Phyllostegia knudsenii,United States,North America,Flowering Plant,2000-2020,Extinct,Invasive Species,1
Phyllostegia mannii,United States,North America,Flowering Plant,2000-2020,Extinct in the Wild,Invasive Species,1
Phyllostegia mannii,United States,North America,Flowering Plant,2000-2020,Extinct in the Wild,Climate Change,1
Phyllostegia mannii,United States,North America,Flowering Plant,2000-2020,Extinct in the Wild,Natural System Modifications,1
Physalis muelleri,Mexico,North America,Flowering Plant,1920-1939,Extinct,Commercial Development,1
Physalis tehuacanensis,Mexico,North America,Flowering Plant,1960-1979,Extinct,Agriculture & Aquaculture,1
Physalis tehuacanensis,Mexico,North America,Flowering Plant,1960-1979,Extinct,Commercial Development,1
Physalis tehuacanensis,Mexico,North America,Flowering Plant,1960-1979,Extinct,Climate Change,1
Pimpinella robynsii,Burundi,Africa,Flowering Plant,1920-1939,Extinct,Agriculture & Aquaculture,1
Piper molliusculum,Ecuador,South America,Flowering Plant,Before 1900,Extinct,Unknown,1
Pittosporum leroyanum,New Caledonia,Oceania,Flowering Plant,1980-1999,Extinct,Unknown,1
Plectranthus scopulicola,Tanzania,Africa,Flowering Plant,1940-1959,Extinct,Agriculture & Aquaculture,1
Pluchea glutinosa,Yemen,Asia,Flowering Plant,Before 1900,Extinct,Unknown,1
Podocarpus perrieri,Madagascar,Africa,Conifer,1940-1959,Extinct,Agriculture & Aquaculture,1
Podocarpus perrieri,Madagascar,Africa,Conifer,1940-1959,Extinct,Biological Resource Use,1
Polygala quitensis,Ecuador,South America,Flowering Plant,Before 1900,Extinct,Unknown,1
Polystachya acuminata,Tanzania,Africa,Flowering Plant,1940-1959,Extinct,Agriculture & Aquaculture,1
Polystachya acuminata,Tanzania,Africa,Flowering Plant,1940-1959,Extinct,Biological Resource Use,1
Polystachya canaliculata,Tanzania,Africa,Flowering Plant,1940-1959,Extinct,Agriculture & Aquaculture,1
Polystachya canaliculata,Tanzania,Africa,Flowering Plant,1940-1959,Extinct,Commercial Development,1
Polystachya erica-lanzae,Rwanda,Africa,Flowering Plant,1980-1999,Extinct,Agriculture & Aquaculture,1
Polystachya erica-lanzae,Rwanda,Africa,Flowering Plant,1980-1999,Extinct,Human Intrusions,1
Polystachya porphyrochila,Tanzania,Africa,Flowering Plant,1960-1979,Extinct,Agriculture & Aquaculture,1
Polystachya rugosilabia,Tanzania,Africa,Flowering Plant,1940-1959,Extinct,Agriculture & Aquaculture,1
Pouteria stenophylla,Brazil,South America,Flowering Plant,NA,Extinct,Commercial Development,1
Pradosia argentea,Peru,South America,Flowering Plant,Before 1900,Extinct,Unknown,1
Pradosia glaziovii,Brazil,South America,Flowering Plant,NA,Extinct,Agriculture & Aquaculture,1
Pradosia glaziovii,Brazil,South America,Flowering Plant,NA,Extinct,Biological Resource Use,1
Pradosia glaziovii,Brazil,South America,Flowering Plant,NA,Extinct,Commercial Development,1
Pradosia mutisii,Colombia,South America,Flowering Plant,NA,Extinct,Unknown,1
Premna aureolepidota,Madagascar,Africa,Flowering Plant,1920-1939,Extinct,Agriculture & Aquaculture,1
Premna aureolepidota,Madagascar,Africa,Flowering Plant,1920-1939,Extinct,Natural System Modifications,1
Prestonia schumanniana,Ecuador,South America,Flowering Plant,Before 1900,Extinct,Unknown,1
Psiadia schweinfurthii,Yemen,Asia,Flowering Plant,Before 1900,Extinct,Unknown,1
Psidium dumetorum,Jamaica,North America,Flowering Plant,1960-1979,Extinct,Unknown,1
Psychotria veillonii,New Caledonia,Oceania,Flowering Plant,1980-1999,Extinct,Energy Production & Mining,1
Pterospermum elmeri,Philippines,Asia,Flowering Plant,1900-1919,Extinct,Biological Resource Use,1
Pterospermum havilandii,Malaysia,Asia,Flowering Plant,Before 1900,Extinct in the Wild,Biological Resource Use,1
Pterospermum havilandii,Malaysia,Asia,Flowering Plant,Before 1900,Extinct in the Wild,Energy Production & Mining,1
Pterospermum havilandii,Malaysia,Asia,Flowering Plant,Before 1900,Extinct in the Wild,Natural System Modifications,1
Pterospermum parvifolium,Indonesia,Asia,Flowering Plant,1920-1939,Extinct,Agriculture & Aquaculture,1
Puccinellia gussonei,Italy,Europe,Flowering Plant,2000-2020,Extinct,Invasive Species,1
Pycnandra micrantha,New Caledonia,Oceania,Flowering Plant,1900-1919,Extinct,Energy Production & Mining,1
Pycnandra micrantha,New Caledonia,Oceania,Flowering Plant,1900-1919,Extinct,Natural System Modifications,1
Rauvolfia nukuhivensis,French Polynesia,Oceania,Flowering Plant,2000-2020,Extinct,Unknown,1
Rhamnus mildbraedii,Rwanda,Africa,Flowering Plant,1900-1919,Extinct,Agriculture & Aquaculture,1
Rhipidoglossum orientalis,Tanzania,Africa,Flowering Plant,1920-1939,Extinct,Agriculture & Aquaculture,1
Rhododendron kanehirai,Taiwan,Asia,Flowering Plant,1980-1999,Extinct in the Wild,Natural System Modifications,1
Rhododendron wilhelminae,Indonesia,Asia,Flowering Plant,1900-1919,Extinct,Climate Change,1
Rhynchosia braunii,Tanzania,Africa,Flowering Plant,1900-1919,Extinct,Agriculture & Aquaculture,1
Rhynchosia calobotrya,Tanzania,Africa,Flowering Plant,1920-1939,Extinct,Agriculture & Aquaculture,1
Rhynchosia ledermannii,Cameroon,Africa,Flowering Plant,1900-1919,Extinct,Agriculture & Aquaculture,1
Rhynchosia ledermannii,Cameroon,Africa,Flowering Plant,1900-1919,Extinct,Biological Resource Use,1
Rhynchospora hildebrandtii,Madagascar,Africa,Flowering Plant,Before 1900,Extinct,Agriculture & Aquaculture,1
Rhynchospora hildebrandtii,Madagascar,Africa,Flowering Plant,Before 1900,Extinct,Commercial Development,1
Rhynchospora hildebrandtii,Madagascar,Africa,Flowering Plant,Before 1900,Extinct,Pollution,1
Ritchiea afzelii,Guinea,Africa,Flowering Plant,Before 1900,Extinct,Agriculture & Aquaculture,1
Ritchiea afzelii,Guinea,Africa,Flowering Plant,Before 1900,Extinct,Commercial Development,1
Roupala tobagensis,Trinidad and Tobago,South America,Flowering Plant,1900-1919,Extinct,Agriculture & Aquaculture,1
Roupala tobagensis,Trinidad and Tobago,South America,Flowering Plant,1900-1919,Extinct,Commercial Development,1
Sabicea bracteolata,Guinea,Africa,Flowering Plant,1940-1959,Extinct,Agriculture & Aquaculture,1
Sabicea bracteolata,Guinea,Africa,Flowering Plant,1940-1959,Extinct,Biological Resource Use,1
Sabicea bracteolata,Guinea,Africa,Flowering Plant,1940-1959,Extinct,Commercial Development,1
Sabicea bracteolata,Guinea,Africa,Flowering Plant,1940-1959,Extinct,Energy Production & Mining,1
Sabicea bracteolata,Guinea,Africa,Flowering Plant,1940-1959,Extinct,Natural System Modifications,1
Sanicula kauaiensis,United States,North America,Flowering Plant,1940-1959,Extinct,Invasive Species,1
Santalum fernandezianum,Chile,South America,Flowering Plant,1900-1919,Extinct,Biological Resource Use,1
Saurauia minutiflora,Malaysia,Asia,Flowering Plant,1980-1999,Extinct,Agriculture & Aquaculture,1
Saurauia minutiflora,Malaysia,Asia,Flowering Plant,1980-1999,Extinct,Natural System Modifications,1
Scaphium burkillfilii,Malaysia,Asia,Flowering Plant,1960-1979,Extinct,Agriculture & Aquaculture,1
Schiedea amplexicaulis,United States,North America,Flowering Plant,Before 1900,Extinct,Invasive Species,1
Schiedea attenuata,United States,North America,Flowering Plant,1980-1999,Extinct in the Wild,Invasive Species,1
Schiedea attenuata,United States,North America,Flowering Plant,1980-1999,Extinct in the Wild,Geological Events,1
Schizenterospermum analamerense,Madagascar,Africa,Flowering Plant,1920-1939,Extinct,Agriculture & Aquaculture,1
Schizenterospermum analamerense,Madagascar,Africa,Flowering Plant,1920-1939,Extinct,Natural System Modifications,1
Semecarpus angulatus,Malaysia,Asia,Flowering Plant,1980-1999,Extinct,Agriculture & Aquaculture,1
Semecarpus sandakanus,Malaysia,Asia,Flowering Plant,1960-1979,Extinct,Agriculture & Aquaculture,1
Senecio antaisaka,Madagascar,Africa,Flowering Plant,1920-1939,Extinct,Biological Resource Use,1
Senecio antaisaka,Madagascar,Africa,Flowering Plant,1920-1939,Extinct,Natural System Modifications,1
Senecio antambolorum,Madagascar,Africa,Flowering Plant,1920-1939,Extinct,Agriculture & Aquaculture,1
Senecio antambolorum,Madagascar,Africa,Flowering Plant,1920-1939,Extinct,Biological Resource Use,1
Senecio antambolorum,Madagascar,Africa,Flowering Plant,1920-1939,Extinct,Natural System Modifications,1
Senecio leucopeplus,Argentina,South America,Flowering Plant,2000-2020,Extinct in the Wild,Agriculture & Aquaculture,1
Senecio leucopeplus,Argentina,South America,Flowering Plant,2000-2020,Extinct in the Wild,Human Intrusions,1
Senecio lewallei,Burundi,Africa,Flowering Plant,1960-1979,Extinct,Agriculture & Aquaculture,1
Senecio lewallei,Burundi,Africa,Flowering Plant,1960-1979,Extinct,Biological Resource Use,1
Senecio navugabensis,Uganda,Africa,Flowering Plant,1920-1939,Extinct,Agriculture & Aquaculture,1
Senecio navugabensis,Uganda,Africa,Flowering Plant,1920-1939,Extinct,Commercial Development,1
Senecio navugabensis,Uganda,Africa,Flowering Plant,1920-1939,Extinct,Human Intrusions,1
Senecio navugabensis,Uganda,Africa,Flowering Plant,1920-1939,Extinct,Natural System Modifications,1
Senna suarezensis,Madagascar,Africa,Flowering Plant,2000-2020,Extinct,Agriculture & Aquaculture,1
Senna suarezensis,Madagascar,Africa,Flowering Plant,2000-2020,Extinct,Biological Resource Use,1
Sicyos villosus,Ecuador,South America,Flowering Plant,Before 1900,Extinct,Unknown,1
Silene perlmanii,United States,North America,Flowering Plant,1980-1999,Extinct in the Wild,Invasive Species,1
Siphocampylus loxensis,Ecuador,South America,Flowering Plant,Before 1900,Extinct,Unknown,1
Solanum semicoalitum,Ecuador,South America,Flowering Plant,Before 1900,Extinct,Unknown,1
Sophora toromiro,Chile,South America,Flowering Plant,1920-1939,Extinct in the Wild,Unknown,1
Sphyrospermum spruceanum,Ecuador,South America,Flowering Plant,Before 1900,Extinct,Unknown,1
Sporobolus durus,"Saint Helena, Ascension and Tristan da Cunha",Africa,Flowering Plant,Before 1900,Extinct,Agriculture & Aquaculture,1
Sporobolus durus,"Saint Helena, Ascension and Tristan da Cunha",Africa,Flowering Plant,Before 1900,Extinct,Invasive Species,1
Sporobolus durus,"Saint Helena, Ascension and Tristan da Cunha",Africa,Flowering Plant,Before 1900,Extinct,Geological Events,1
Stachyandra imberbis,Madagascar,Africa,Flowering Plant,1940-1959,Extinct,Biological Resource Use,1
Stachyandra imberbis,Madagascar,Africa,Flowering Plant,1940-1959,Extinct,Energy Production & Mining,1
Stachyandra imberbis,Madagascar,Africa,Flowering Plant,1940-1959,Extinct,Natural System Modifications,1
Stachytarpheta fallax,Cabo Verde,Africa,Flowering Plant,Before 1900,Extinct,Unknown,1
Stellaria elatinoides,New Zealand,Oceania,Flowering Plant,1940-1959,Extinct,Invasive Species,1
Stellaria elatinoides,New Zealand,Oceania,Flowering Plant,1940-1959,Extinct,Natural System Modifications,1
Stenocarpus dumbeensis,New Caledonia,Oceania,Flowering Plant,1900-1919,Extinct,Unknown,1
Stenogyne bifida,United States,North America,Flowering Plant,2000-2020,Extinct in the Wild,Invasive Species,1
Stenogyne bifida,United States,North America,Flowering Plant,2000-2020,Extinct in the Wild,Climate Change,1
Stenogyne bifida,United States,North America,Flowering Plant,2000-2020,Extinct in the Wild,Geological Events,1
Stenogyne campanulata,United States,North America,Flowering Plant,2000-2020,Extinct in the Wild,Invasive Species,1
Stenogyne kanehoana,United States,North America,Flowering Plant,2000-2020,Extinct in the Wild,Invasive Species,1
Stenogyne kanehoana,United States,North America,Flowering Plant,2000-2020,Extinct in the Wild,Climate Change,1
Stenogyne kanehoana,United States,North America,Flowering Plant,2000-2020,Extinct in the Wild,Natural System Modifications,1
Sterculia khasiana,India,Asia,Flowering Plant,Before 1900,Extinct,Agriculture & Aquaculture,1
Sterculia khasiana,India,Asia,Flowering Plant,Before 1900,Extinct,Commercial Development,1
Sterculia khasiana,India,Asia,Flowering Plant,Before 1900,Extinct,Natural System Modifications,1
Stereospermum zenkeri,Cameroon,Africa,Flowering Plant,1940-1959,Extinct,Commercial Development,1
Steriphoma urbani,Ecuador,South America,Flowering Plant,1980-1999,Extinct,Biological Resource Use,1
Stonesia fascicularis,Guinea,Africa,Flowering Plant,1940-1959,Extinct,Agriculture & Aquaculture,1
Stonesia fascicularis,Guinea,Africa,Flowering Plant,1940-1959,Extinct,Commercial Development,1
Stonesia fascicularis,Guinea,Africa,Flowering Plant,1940-1959,Extinct,Energy Production & Mining,1
Stonesia fascicularis,Guinea,Africa,Flowering Plant,1940-1959,Extinct,Pollution,1
Stonesia gracilis,Guinea,Africa,Flowering Plant,1940-1959,Extinct,Energy Production & Mining,1
Stonesia gracilis,Guinea,Africa,Flowering Plant,1940-1959,Extinct,Pollution,1
Stonesia gracilis,Guinea,Africa,Flowering Plant,1940-1959,Extinct,Natural System Modifications,1
Streblorrhiza speciosa,Norfolk Island,Oceania,Flowering Plant,Before 1900,Extinct,Unknown,1
Syzygium badescens,Malaysia,Asia,Flowering Plant,1920-1939,Extinct,Agriculture & Aquaculture,1
Syzygium badescens,Malaysia,Asia,Flowering Plant,1920-1939,Extinct,Natural System Modifications,1
Tachiadenus umbellatus,Madagascar,Africa,Flowering Plant,1920-1939,Extinct,Agriculture & Aquaculture,1
Tachiadenus umbellatus,Madagascar,Africa,Flowering Plant,1920-1939,Extinct,Energy Production & Mining,1
Tachiadenus umbellatus,Madagascar,Africa,Flowering Plant,1920-1939,Extinct,Human Intrusions,1
Taeniophyllum borneense,Indonesia,Asia,Flowering Plant,1900-1919,Extinct,Agriculture & Aquaculture,1
Taeniophyllum borneense,Indonesia,Asia,Flowering Plant,1900-1919,Extinct,Climate Change,1
Taeniophyllum borneense,Indonesia,Asia,Flowering Plant,1900-1919,Extinct,Natural System Modifications,1
Tephrosia djalonica,Guinea,Africa,Flowering Plant,1900-1919,Extinct,Agriculture & Aquaculture,1
Tephrosia djalonica,Guinea,Africa,Flowering Plant,1900-1919,Extinct,Commercial Development,1
Tephrosia djalonica,Guinea,Africa,Flowering Plant,1900-1919,Extinct,Natural System Modifications,1
Tephrosia pinifolia,Madagascar,Africa,Flowering Plant,1920-1939,Extinct,Agriculture & Aquaculture,1
Tephrosia pinifolia,Madagascar,Africa,Flowering Plant,1920-1939,Extinct,Biological Resource Use,1
Terminalia acuminata,Brazil,South America,Flowering Plant,1940-1959,Extinct in the Wild,Unknown,1
Terminalia exelliana,Madagascar,Africa,Flowering Plant,1960-1979,Extinct,Agriculture & Aquaculture,1
Tetramolopium capillare,United States,North America,Flowering Plant,1980-1999,Extinct,Invasive Species,1
Tetramolopium capillare,United States,North America,Flowering Plant,1980-1999,Extinct,Climate Change,1
Tetramolopium capillare,United States,North America,Flowering Plant,1980-1999,Extinct,Natural System Modifications,1
Tetramolopium capillare,United States,North America,Flowering Plant,1980-1999,Extinct,Geological Events,1
Thelethylax isalensis,Madagascar,Africa,Flowering Plant,1900-1919,Extinct,Energy Production & Mining,1
Thelethylax isalensis,Madagascar,Africa,Flowering Plant,1900-1919,Extinct,Human Intrusions,1
Thelethylax isalensis,Madagascar,Africa,Flowering Plant,1900-1919,Extinct,Pollution,1
Thelethylax isalensis,Madagascar,Africa,Flowering Plant,1900-1919,Extinct,Natural System Modifications,1
Themistoclesia inflata,Ecuador,South America,Flowering Plant,1940-1959,Extinct,Agriculture & Aquaculture,1
Themistoclesia inflata,Ecuador,South America,Flowering Plant,1940-1959,Extinct,Commercial Development,1
Thesium germainii,Burundi,Africa,Flowering Plant,1940-1959,Extinct,Agriculture & Aquaculture,1
Thesium germainii,Burundi,Africa,Flowering Plant,1940-1959,Extinct,Human Intrusions,1
Thesium lewallei,Burundi,Africa,Flowering Plant,1960-1979,Extinct,Agriculture & Aquaculture,1
Thesium lewallei,Burundi,Africa,Flowering Plant,1960-1979,Extinct,Commercial Development,1
Tournefortia obtusiflora,Ecuador,South America,Flowering Plant,Before 1900,Extinct,Unknown,1
Triaspis schliebenii,Tanzania,Africa,Flowering Plant,1920-1939,Extinct,Agriculture & Aquaculture,1
Tridactyle sarcodantha,Tanzania,Africa,Flowering Plant,1920-1939,Extinct,Agriculture & Aquaculture,1
Trilepidea adamsii,New Zealand,Oceania,Flowering Plant,1940-1959,Extinct,Agriculture & Aquaculture,1
Trilepidea adamsii,New Zealand,Oceania,Flowering Plant,1940-1959,Extinct,Biological Resource Use,1
Trilepidea adamsii,New Zealand,Oceania,Flowering Plant,1940-1959,Extinct,Commercial Development,1
Trilepidea adamsii,New Zealand,Oceania,Flowering Plant,1940-1959,Extinct,Invasive Species,1
Trochetiopsis erythroxylon,"Saint Helena, Ascension and Tristan da Cunha",Africa,Flowering Plant,1940-1959,Extinct in the Wild,Agriculture & Aquaculture,1
Trochetiopsis erythroxylon,"Saint Helena, Ascension and Tristan da Cunha",Africa,Flowering Plant,1940-1959,Extinct in the Wild,Biological Resource Use,1
Trochetiopsis erythroxylon,"Saint Helena, Ascension and Tristan da Cunha",Africa,Flowering Plant,1940-1959,Extinct in the Wild,Invasive Species,1
Trochetiopsis erythroxylon,"Saint Helena, Ascension and Tristan da Cunha",Africa,Flowering Plant,1940-1959,Extinct in the Wild,Unknown,1
Trochetiopsis melanoxylon,"Saint Helena, Ascension and Tristan da Cunha",Africa,Flowering Plant,Before 1900,Extinct,Biological Resource Use,1
Trochetiopsis melanoxylon,"Saint Helena, Ascension and Tristan da Cunha",Africa,Flowering Plant,Before 1900,Extinct,Invasive Species,1
Trochetiopsis melanoxylon,"Saint Helena, Ascension and Tristan da Cunha",Africa,Flowering Plant,Before 1900,Extinct,Unknown,1
Tylostigma herminioides,Madagascar,Africa,Flowering Plant,1920-1939,Extinct,Agriculture & Aquaculture,1
Tylostigma herminioides,Madagascar,Africa,Flowering Plant,1920-1939,Extinct,Human Intrusions,1
Tylostigma madagascariense,Madagascar,Africa,Flowering Plant,1900-1919,Extinct,Agriculture & Aquaculture,1
Tylostigma madagascariense,Madagascar,Africa,Flowering Plant,1900-1919,Extinct,Commercial Development,1
Tylostigma madagascariense,Madagascar,Africa,Flowering Plant,1900-1919,Extinct,Human Intrusions,1
Uvaria decidua,Tanzania,Africa,Flowering Plant,1920-1939,Extinct,Agriculture & Aquaculture,1
Uvaria decidua,Tanzania,Africa,Flowering Plant,1920-1939,Extinct,Natural System Modifications,1
Valerianella affinis,Yemen,Asia,Flowering Plant,Before 1900,Extinct,Unknown,1
Vangueria verticillata,Tanzania,Africa,Flowering Plant,1940-1959,Extinct,Energy Production & Mining,1
Vanvoorstia bennettiana,Australia,Oceania,Algae,Before 1900,Extinct,Biological Resource Use,1
Vanvoorstia bennettiana,Australia,Oceania,Algae,Before 1900,Extinct,Commercial Development,1
Vanvoorstia bennettiana,Australia,Oceania,Algae,Before 1900,Extinct,Pollution,1
Vanvoorstia bennettiana,Australia,Oceania,Algae,Before 1900,Extinct,Transportation Corridor,1
Vatica xishuangbannaensis,China,Asia,Flowering Plant,NA,Extinct,Agriculture & Aquaculture,1
Vernonia ampandrandavensis,Madagascar,Africa,Flowering Plant,1940-1959,Extinct,Agriculture & Aquaculture,1
Vernonia ampandrandavensis,Madagascar,Africa,Flowering Plant,1940-1959,Extinct,Biological Resource Use,1
Vernonia ampandrandavensis,Madagascar,Africa,Flowering Plant,1940-1959,Extinct,Natural System Modifications,1
Vernonia sechellensis,Seychelles,Africa,Flowering Plant,Before 1900,Extinct,Biological Resource Use,1
Viburnum divaricatum,Ecuador,South America,Flowering Plant,Before 1900,Extinct,Unknown,1
Viola cryana,France,Europe,Flowering Plant,1920-1939,Extinct,Biological Resource Use,1
Viola cryana,France,Europe,Flowering Plant,1920-1939,Extinct,Energy Production & Mining,1
Wahlenbergia petraea,Burundi,Africa,Flowering Plant,1960-1979,Extinct,Agriculture & Aquaculture,1
Weinmannia spiraeoides,Fiji,Oceania,Flowering Plant,Before 1900,Extinct,Unknown,1
Wendlandia angustifolia,India,Asia,Flowering Plant,1980-1999,Extinct,Agriculture & Aquaculture,1
Wendlandia angustifolia,India,Asia,Flowering Plant,1980-1999,Extinct,Biological Resource Use,1
Wendlandia angustifolia,India,Asia,Flowering Plant,1980-1999,Extinct,Commercial Development,1
Wikstroemia hanalei,United States,North America,Flowering Plant,Before 1900,Extinct,Invasive Species,1
Wikstroemia skottsbergiana,United States,North America,Flowering Plant,2000-2020,Extinct,Invasive Species,1
Wikstroemia skottsbergiana,United States,North America,Flowering Plant,2000-2020,Extinct,Geological Events,1
Wikstroemia skottsbergiana,United States,North America,Flowering Plant,2000-2020,Extinct,Unknown,1
Xanthostemon sebertii,New Caledonia,Oceania,Flowering Plant,Before 1900,Extinct,Unknown,1
Xylopia capuronii,Madagascar,Africa,Flowering Plant,1940-1959,Extinct,Agriculture & Aquaculture,1
Xylopia capuronii,Madagascar,Africa,Flowering Plant,1940-1959,Extinct,Biological Resource Use,1
Xylosma serrata,Montserrat,North America,Flowering Plant,1980-1999,Extinct,Geological Events,1
Zanthoxylum subspicatum,Madagascar,Africa,Flowering Plant,1980-1999,Extinct,Agriculture & Aquaculture,1
Zanthoxylum subspicatum,Madagascar,Africa,Flowering Plant,1980-1999,Extinct,Biological Resource Use,1
Zingiber macrocephalum,Indonesia,Asia,Flowering Plant,Before 1900,Extinct,Agriculture & Aquaculture,1
Zingiber macrocephalum,Indonesia,Asia,Flowering Plant,Before 1900,Extinct,Biological Resource Use,1
Zingiber macrocephalum,Indonesia,Asia,Flowering Plant,Before 1900,Extinct,Commercial Development,1
